AID,BID
AID1,BID1162
AID1,BID519
AID2,BID1326
AID2,BID851
AID3,BID32
AID4,BID11
AID4,BID1453
AID5,BID156
AID6,BID300
AID7,BID2566
AID7,BID982
AID8,BID156
AID8,BID41
AID8,BID577
AID8,BID820
AID9,BID1866
AID9,BID2227
AID9,BID2933
AID10,BID1724
AID10,BID1779
AID10,BID2613
AID11,BID2786
AID12,BID1467
AID12,BID335
AID13,BID1067
AID13,BID2115
AID13,BID2271
AID13,BID2276
AID14,BID155
AID15,BID1375
AID16,BID1042
AID16,BID250
AID17,BID1029
AID17,BID1073
AID18,BID2229
AID18,BID2749
AID19,BID1941
AID19,BID2608
AID19,BID2668
AID19,BID2897
AID19,BID558
AID20,BID1358
AID20,BID1768
AID20,BID191
AID20,BID2032
AID20,BID835
AID21,BID1421
AID21,BID700
AID22,BID2101
AID22,BID2596
AID22,BID791
AID23,BID2055
AID24,BID1429
AID24,BID2471
AID25,BID631
AID26,BID2718
AID27,BID2047
AID27,BID2786
AID28,BID1607
AID28,BID4
AID29,BID1351
AID30,BID1916
AID30,BID386
AID31,BID162
AID32,BID40
AID33,BID1383
AID33,BID237
AID33,BID256
AID33,BID44
AID33,BID912
AID34,BID1396
AID34,BID1648
AID34,BID1839
AID35,BID1070
AID35,BID1557
AID35,BID1856
AID35,BID2436
AID35,BID2800
AID36,BID489
AID37,BID2708
AID38,BID26
AID38,BID679
AID39,BID2590
AID40,BID2206
AID40,BID2505
AID41,BID1835
AID42,BID2403
AID43,BID1163
AID43,BID2798
AID44,BID2369
AID44,BID541
AID45,BID1451
AID46,BID1313
AID46,BID1387
AID46,BID1445
AID47,BID1560
AID48,BID1009
AID48,BID2494
AID49,BID967
AID50,BID1976
AID50,BID2275
AID51,BID1953
AID51,BID886
AID52,BID2812
AID53,BID1031
AID54,BID1020
AID55,BID389
AID55,BID786
AID56,BID1640
AID56,BID706
AID57,BID1324
AID57,BID1687
AID58,BID1689
AID58,BID2529
AID59,BID482
AID59,BID898
AID60,BID1856
AID60,BID2722
AID61,BID2745
AID62,BID1944
AID63,BID2850
AID64,BID1882
AID64,BID1926
AID64,BID2067
AID65,BID14
AID65,BID1613
AID66,BID409
AID67,BID2170
AID67,BID550
AID68,BID84
AID69,BID2728
AID70,BID2179
AID70,BID2308
AID70,BID2375
AID71,BID1242
AID71,BID2711
AID72,BID1363
AID72,BID6
AID73,BID1943
AID74,BID1559
AID74,BID603
AID75,BID2038
AID75,BID973
AID76,BID2772
AID77,BID638
AID78,BID1211
AID78,BID243
AID78,BID840
AID78,BID89
AID79,BID769
AID79,BID849
AID80,BID646
AID81,BID169
AID82,BID2688
AID82,BID2879
AID83,BID2503
AID84,BID1089
AID84,BID1195
AID84,BID2036
AID84,BID487
AID84,BID810
AID85,BID665
AID86,BID2335
AID87,BID1146
AID87,BID2632
AID88,BID1557
AID88,BID514
AID89,BID2194
AID89,BID2213
AID90,BID1770
AID90,BID1790
AID90,BID2035
AID90,BID2339
AID90,BID65
AID91,BID1078
AID91,BID1240
AID91,BID731
AID92,BID1272
AID92,BID1427
AID93,BID1082
AID94,BID1099
AID94,BID2321
AID95,BID1331
AID95,BID1722
AID95,BID2135
AID95,BID2918
AID96,BID988
AID97,BID1340
AID98,BID248
AID99,BID1243
AID99,BID173
AID99,BID1778
AID99,BID515
AID100,BID2257
AID100,BID2587
AID101,BID713
AID102,BID2519
AID102,BID56
AID103,BID1516
AID103,BID2245
AID103,BID2859
AID104,BID1332
AID104,BID2014
AID105,BID283
AID106,BID1083
AID107,BID1086
AID107,BID2778
AID108,BID1010
AID108,BID1263
AID108,BID1465
AID109,BID2532
AID109,BID854
AID110,BID1107
AID110,BID1702
AID110,BID2628
AID110,BID2664
AID111,BID2365
AID111,BID2974
AID112,BID2594
AID112,BID756
AID113,BID1203
AID113,BID2592
AID114,BID222
AID115,BID1475
AID115,BID2447
AID115,BID84
AID116,BID1209
AID116,BID1470
AID117,BID20
AID118,BID285
AID118,BID384
AID119,BID2237
AID120,BID2490
AID121,BID1329
AID121,BID551
AID122,BID1548
AID122,BID1971
AID122,BID2475
AID122,BID2618
AID123,BID457
AID124,BID1699
AID124,BID62
AID125,BID1365
AID125,BID896
AID126,BID1295
AID126,BID1554
AID127,BID2196
AID127,BID2794
AID128,BID1410
AID128,BID2692
AID129,BID1048
AID130,BID2235
AID130,BID229
AID130,BID2585
AID130,BID2976
AID130,BID697
AID131,BID272
AID131,BID35
AID132,BID117
AID133,BID1156
AID134,BID277
AID134,BID904
AID135,BID2048
AID135,BID2119
AID135,BID2194
AID135,BID2523
AID135,BID2555
AID136,BID2006
AID136,BID2393
AID137,BID2413
AID138,BID1454
AID139,BID2578
AID139,BID2835
AID139,BID57
AID139,BID6
AID140,BID1265
AID140,BID142
AID141,BID1858
AID141,BID1951
AID141,BID2326
AID141,BID60
AID141,BID954
AID142,BID1564
AID142,BID278
AID143,BID526
AID144,BID1449
AID144,BID2901
AID145,BID2728
AID146,BID1021
AID146,BID1433
AID146,BID754
AID147,BID108
AID148,BID2051
AID148,BID43
AID149,BID770
AID150,BID2536
AID150,BID402
AID151,BID1246
AID151,BID2425
AID152,BID173
AID152,BID1915
AID153,BID1001
AID153,BID1070
AID153,BID2130
AID153,BID51
AID154,BID213
AID155,BID1317
AID155,BID2646
AID155,BID748
AID156,BID1287
AID156,BID2650
AID157,BID1473
AID158,BID1639
AID159,BID1060
AID159,BID2340
AID160,BID1979
AID160,BID2323
AID160,BID951
AID161,BID1164
AID161,BID2158
AID161,BID2233
AID161,BID397
AID161,BID858
AID162,BID1820
AID162,BID231
AID163,BID2397
AID164,BID2459
AID164,BID316
AID165,BID2098
AID166,BID2569
AID166,BID936
AID167,BID1448
AID167,BID211
AID168,BID1159
AID168,BID644
AID168,BID821
AID169,BID1369
AID169,BID2739
AID170,BID1360
AID171,BID597
AID172,BID1624
AID173,BID1750
AID173,BID1760
AID174,BID195
AID174,BID97
AID175,BID1111
AID175,BID1297
AID176,BID2751
AID177,BID1970
AID177,BID2366
AID178,BID2232
AID178,BID725
AID179,BID1630
AID179,BID2856
AID180,BID2141
AID180,BID2684
AID180,BID551
AID180,BID816
AID181,BID1711
AID181,BID2218
AID182,BID2500
AID182,BID2715
AID182,BID2828
AID182,BID567
AID182,BID637
AID183,BID755
AID183,BID785
AID183,BID986
AID184,BID1797
AID184,BID1948
AID185,BID1210
AID185,BID789
AID186,BID73
AID187,BID2878
AID188,BID2900
AID188,BID862
AID189,BID1811
AID189,BID391
AID190,BID1009
AID191,BID2388
AID191,BID2402
AID192,BID1697
AID192,BID491
AID193,BID494
AID194,BID1021
AID194,BID1517
AID195,BID2089
AID196,BID1273
AID196,BID1481
AID196,BID1890
AID196,BID2824
AID197,BID362
AID198,BID1070
AID198,BID2252
AID199,BID1224
AID199,BID2597
AID200,BID2391
AID200,BID2558
AID200,BID2592
AID200,BID415
AID200,BID779
AID201,BID1543
AID202,BID102
AID203,BID2216
AID204,BID1921
AID205,BID116
AID205,BID1175
AID206,BID1585
AID207,BID1455
AID207,BID2233
AID208,BID1250
AID209,BID2554
AID209,BID2829
AID209,BID2899
AID209,BID434
AID210,BID2716
AID210,BID697
AID211,BID182
AID211,BID322
AID212,BID662
AID213,BID2178
AID213,BID333
AID214,BID1788
AID214,BID2291
AID215,BID2173
AID215,BID2916
AID216,BID958
AID217,BID1485
AID217,BID982
AID218,BID1494
AID218,BID2755
AID219,BID2979
AID220,BID255
AID221,BID233
AID222,BID891
AID223,BID58
AID224,BID1940
AID224,BID2296
AID225,BID1624
AID225,BID178
AID225,BID187
AID226,BID1494
AID227,BID1120
AID227,BID1598
AID227,BID2215
AID227,BID2964
AID227,BID873
AID228,BID1969
AID229,BID2379
AID230,BID1467
AID230,BID755
AID231,BID2305
AID232,BID2272
AID233,BID1731
AID234,BID113
AID234,BID164
AID234,BID2683
AID234,BID387
AID235,BID1608
AID236,BID1051
AID236,BID62
AID237,BID2150
AID238,BID1934
AID238,BID2007
AID239,BID860
AID240,BID2601
AID240,BID640
AID241,BID2907
AID242,BID520
AID242,BID933
AID243,BID1509
AID243,BID411
AID244,BID1000
AID244,BID633
AID244,BID823
AID245,BID2008
AID245,BID2085
AID245,BID2203
AID245,BID2680
AID245,BID2933
AID246,BID80
AID247,BID272
AID247,BID373
AID248,BID2818
AID249,BID2084
AID250,BID231
AID251,BID448
AID252,BID2619
AID252,BID887
AID253,BID702
AID254,BID1182
AID254,BID158
AID254,BID1977
AID254,BID642
AID255,BID128
AID255,BID208
AID256,BID1033
AID256,BID1754
AID257,BID2151
AID257,BID2270
AID257,BID2742
AID257,BID840
AID258,BID2077
AID258,BID27
AID259,BID2654
AID260,BID33
AID261,BID1292
AID261,BID1581
AID261,BID1694
AID262,BID2418
AID262,BID431
AID262,BID792
AID263,BID1190
AID263,BID30
AID264,BID2750
AID265,BID629
AID266,BID2398
AID266,BID2906
AID267,BID2203
AID267,BID931
AID268,BID2053
AID268,BID468
AID269,BID48
AID270,BID2206
AID271,BID701
AID272,BID998
AID273,BID106
AID273,BID1562
AID273,BID1854
AID273,BID1927
AID273,BID2561
AID274,BID2459
AID275,BID1046
AID275,BID1737
AID275,BID2965
AID275,BID396
AID276,BID1692
AID276,BID1969
AID276,BID2926
AID276,BID888
AID277,BID2030
AID278,BID2236
AID278,BID2367
AID278,BID2522
AID278,BID2772
AID278,BID630
AID279,BID732
AID280,BID1384
AID280,BID1841
AID280,BID876
AID281,BID2288
AID282,BID2002
AID282,BID559
AID283,BID1226
AID283,BID1878
AID283,BID2068
AID283,BID2347
AID283,BID673
AID284,BID1479
AID284,BID1805
AID285,BID104
AID285,BID2570
AID286,BID1241
AID286,BID1484
AID286,BID1631
AID286,BID736
AID286,BID971
AID287,BID2781
AID288,BID1929
AID288,BID54
AID289,BID2898
AID290,BID325
AID291,BID2126
AID291,BID897
AID292,BID1544
AID292,BID2552
AID293,BID2903
AID294,BID2719
AID295,BID2613
AID295,BID903
AID296,BID884
AID297,BID1300
AID297,BID633
AID298,BID1098
AID298,BID2931
AID299,BID1170
AID300,BID2017
AID300,BID215
AID301,BID1586
AID301,BID2017
AID301,BID263
AID301,BID391
AID302,BID1159
AID302,BID2456
AID303,BID1328
AID304,BID2377
AID305,BID1419
AID305,BID489
AID306,BID2596
AID306,BID2986
AID307,BID433
AID308,BID842
AID309,BID1830
AID309,BID664
AID310,BID1755
AID310,BID1900
AID311,BID1693
AID311,BID92
AID312,BID1409
AID312,BID2917
AID312,BID884
AID313,BID868
AID314,BID1629
AID315,BID2667
AID315,BID2672
AID316,BID2017
AID316,BID2242
AID316,BID833
AID317,BID1110
AID317,BID1507
AID317,BID1715
AID317,BID2054
AID317,BID2875
AID318,BID2283
AID318,BID882
AID319,BID1655
AID319,BID568
AID320,BID1032
AID320,BID1247
AID320,BID1352
AID320,BID2461
AID321,BID156
AID321,BID2425
AID322,BID2070
AID322,BID63
AID323,BID2877
AID324,BID2143
AID325,BID2743
AID326,BID2094
AID327,BID1061
AID328,BID1243
AID328,BID177
AID328,BID2454
AID329,BID2320
AID329,BID2686
AID329,BID42
AID330,BID2910
AID330,BID579
AID330,BID668
AID331,BID192
AID331,BID2708
AID332,BID2512
AID332,BID2604
AID333,BID1143
AID333,BID1382
AID333,BID1443
AID334,BID129
AID334,BID1692
AID334,BID438
AID335,BID1150
AID336,BID1550
AID336,BID770
AID337,BID1273
AID338,BID416
AID339,BID1647
AID340,BID1954
AID340,BID237
AID341,BID10
AID341,BID716
AID342,BID2562
AID343,BID1926
AID343,BID2308
AID344,BID1226
AID344,BID2040
AID344,BID56
AID345,BID2243
AID345,BID2740
AID346,BID1821
AID346,BID2016
AID347,BID1121
AID347,BID1167
AID348,BID1540
AID348,BID2025
AID348,BID2730
AID348,BID319
AID349,BID95
AID350,BID1933
AID351,BID1199
AID351,BID2916
AID352,BID1950
AID352,BID2065
AID352,BID987
AID353,BID1104
AID353,BID2345
AID354,BID2540
AID354,BID2981
AID355,BID2503
AID355,BID52
AID356,BID315
AID357,BID1590
AID357,BID2505
AID358,BID1326
AID358,BID164
AID359,BID944
AID360,BID88
AID361,BID669
AID362,BID1578
AID362,BID2289
AID362,BID595
AID363,BID2505
AID363,BID2551
AID364,BID697
AID365,BID234
AID366,BID1701
AID367,BID1054
AID367,BID1201
AID367,BID2304
AID367,BID810
AID368,BID145
AID368,BID490
AID368,BID984
AID369,BID1737
AID369,BID2587
AID370,BID2110
AID370,BID2237
AID370,BID2325
AID371,BID1033
AID371,BID2700
AID371,BID2716
AID371,BID2876
AID371,BID925
AID372,BID1445
AID373,BID127
AID373,BID329
AID373,BID847
AID374,BID472
AID374,BID557
AID375,BID1531
AID376,BID1600
AID376,BID2108
AID377,BID1300
AID377,BID2229
AID378,BID2559
AID378,BID609
AID379,BID1034
AID379,BID1592
AID379,BID2942
AID379,BID40
AID379,BID888
AID380,BID2998
AID381,BID1010
AID381,BID1340
AID381,BID1693
AID381,BID1863
AID381,BID291
AID382,BID1354
AID382,BID1634
AID383,BID2060
AID384,BID1517
AID384,BID725
AID385,BID837
AID386,BID1313
AID387,BID114
AID388,BID1088
AID388,BID193
AID388,BID2710
AID388,BID2793
AID388,BID2973
AID389,BID159
AID389,BID1727
AID389,BID1950
AID389,BID2502
AID389,BID2926
AID390,BID871
AID391,BID1020
AID391,BID323
AID392,BID1804
AID393,BID2781
AID393,BID646
AID394,BID1784
AID395,BID1138
AID395,BID1748
AID396,BID1052
AID396,BID437
AID397,BID2048
AID397,BID2367
AID398,BID632
AID399,BID789
AID400,BID2013
AID401,BID2353
AID402,BID2400
AID402,BID95
AID403,BID1116
AID403,BID1446
AID403,BID2554
AID403,BID68
AID403,BID976
AID404,BID1166
AID404,BID2125
AID405,BID2741
AID406,BID131
AID407,BID2446
AID407,BID2818
AID408,BID2909
AID408,BID79
AID409,BID1321
AID410,BID332
AID411,BID2103
AID412,BID2191
AID412,BID2593
AID413,BID2067
AID413,BID2650
AID414,BID2112
AID414,BID2632
AID415,BID1448
AID415,BID259
AID416,BID2877
AID416,BID692
AID417,BID339
AID418,BID1365
AID419,BID1684
AID419,BID1700
AID419,BID2384
AID419,BID582
AID420,BID226
AID420,BID2645
AID420,BID2883
AID421,BID256
AID421,BID44
AID422,BID2048
AID422,BID48
AID423,BID1511
AID423,BID2270
AID423,BID585
AID424,BID164
AID424,BID2143
AID424,BID2451
AID425,BID1988
AID426,BID1029
AID426,BID1434
AID427,BID1401
AID428,BID1426
AID429,BID69
AID430,BID1020
AID430,BID1525
AID430,BID2117
AID430,BID2320
AID430,BID2895
AID431,BID1033
AID431,BID1662
AID432,BID1899
AID432,BID549
AID433,BID1322
AID433,BID428
AID434,BID1512
AID434,BID2065
AID434,BID2413
AID435,BID246
AID436,BID1435
AID436,BID742
AID437,BID1261
AID437,BID180
AID438,BID1502
AID438,BID781
AID439,BID1596
AID439,BID287
AID440,BID787
AID440,BID939
AID441,BID2350
AID441,BID2839
AID442,BID2222
AID443,BID2522
AID444,BID1946
AID444,BID595
AID445,BID1187
AID446,BID114
AID447,BID2502
AID447,BID2785
AID448,BID1975
AID449,BID1041
AID449,BID1776
AID449,BID2218
AID449,BID2366
AID449,BID489
AID450,BID765
AID451,BID1452
AID452,BID795
AID453,BID2223
AID453,BID80
AID453,BID852
AID454,BID473
AID455,BID404
AID456,BID1321
AID456,BID1603
AID456,BID1746
AID456,BID2593
AID457,BID2733
AID457,BID571
AID458,BID1146
AID459,BID1253
AID459,BID1539
AID459,BID2315
AID459,BID2821
AID459,BID996
AID460,BID1055
AID460,BID570
AID461,BID1687
AID461,BID2945
AID461,BID635
AID461,BID755
AID461,BID922
AID462,BID1850
AID463,BID2378
AID463,BID2392
AID463,BID996
AID464,BID2867
AID464,BID853
AID465,BID1138
AID465,BID161
AID465,BID545
AID466,BID1474
AID466,BID2927
AID467,BID1556
AID468,BID1689
AID468,BID1751
AID468,BID1894
AID468,BID1911
AID468,BID2592
AID469,BID2436
AID469,BID2603
AID469,BID828
AID470,BID1076
AID470,BID2798
AID471,BID1938
AID471,BID2187
AID471,BID2261
AID471,BID739
AID472,BID1920
AID473,BID1839
AID473,BID2929
AID474,BID1199
AID474,BID2065
AID475,BID1351
AID475,BID1474
AID475,BID158
AID475,BID1601
AID475,BID685
AID476,BID1536
AID476,BID1965
AID477,BID1918
AID478,BID1693
AID478,BID2306
AID479,BID1301
AID479,BID2429
AID480,BID1850
AID480,BID401
AID481,BID1548
AID482,BID1453
AID482,BID1684
AID483,BID1151
AID484,BID2038
AID485,BID1084
AID485,BID2655
AID486,BID2639
AID486,BID2795
AID487,BID1167
AID488,BID2084
AID488,BID2871
AID489,BID1628
AID489,BID470
AID490,BID1112
AID491,BID1964
AID491,BID26
AID492,BID1039
AID493,BID1759
AID494,BID2424
AID494,BID924
AID495,BID1060
AID495,BID1241
AID496,BID2972
AID496,BID787
AID497,BID1979
AID498,BID1176
AID498,BID369
AID499,BID570
AID499,BID994
AID500,BID2346
AID500,BID302
AID501,BID2474
AID501,BID2886
AID502,BID1033
AID503,BID873
AID504,BID2461
AID504,BID2788
AID505,BID2520
AID506,BID24
AID506,BID984
AID507,BID1668
AID507,BID1970
AID507,BID310
AID507,BID937
AID508,BID1483
AID508,BID2602
AID509,BID2182
AID510,BID124
AID510,BID2578
AID511,BID1897
AID512,BID1618
AID512,BID2185
AID513,BID128
AID513,BID1485
AID513,BID1975
AID513,BID2763
AID513,BID886
AID514,BID1412
AID514,BID2910
AID514,BID79
AID515,BID2208
AID515,BID913
AID516,BID123
AID516,BID2000
AID517,BID406
AID518,BID673
AID519,BID1883
AID519,BID431
AID520,BID642
AID521,BID1273
AID521,BID2637
AID521,BID2667
AID521,BID382
AID521,BID463
AID522,BID1780
AID522,BID445
AID522,BID929
AID523,BID2558
AID523,BID916
AID524,BID1335
AID524,BID1457
AID524,BID1543
AID524,BID2304
AID524,BID937
AID525,BID1094
AID525,BID1688
AID526,BID2873
AID526,BID65
AID527,BID1289
AID527,BID1520
AID527,BID2014
AID528,BID2802
AID528,BID2858
AID528,BID298
AID528,BID510
AID528,BID659
AID529,BID1298
AID529,BID570
AID530,BID2881
AID531,BID1919
AID531,BID2462
AID532,BID1265
AID532,BID2015
AID533,BID2408
AID534,BID1295
AID534,BID2855
AID535,BID1976
AID536,BID124
AID537,BID1988
AID538,BID2325
AID538,BID887
AID539,BID1877
AID540,BID2751
AID541,BID1877
AID541,BID1992
AID541,BID291
AID542,BID739
AID543,BID261
AID544,BID1452
AID544,BID2625
AID545,BID2070
AID545,BID677
AID546,BID211
AID547,BID1520
AID548,BID1553
AID548,BID1678
AID549,BID2636
AID549,BID755
AID550,BID737
AID551,BID2113
AID551,BID2465
AID551,BID2763
AID551,BID570
AID551,BID618
AID552,BID161
AID553,BID2429
AID554,BID1802
AID554,BID2259
AID554,BID2787
AID554,BID377
AID554,BID421
AID555,BID1546
AID556,BID1265
AID556,BID2335
AID557,BID1316
AID557,BID1428
AID557,BID26
AID558,BID2170
AID558,BID2288
AID559,BID1684
AID559,BID549
AID559,BID767
AID560,BID473
AID561,BID2165
AID561,BID430
AID562,BID11
AID562,BID585
AID563,BID111
AID563,BID2244
AID563,BID2792
AID563,BID2968
AID564,BID807
AID565,BID563
AID566,BID1026
AID567,BID147
AID567,BID1725
AID568,BID2191
AID568,BID2799
AID568,BID845
AID569,BID14
AID569,BID1454
AID570,BID2866
AID570,BID314
AID571,BID494
AID572,BID1096
AID572,BID1246
AID572,BID2954
AID572,BID948
AID572,BID962
AID573,BID2686
AID573,BID742
AID574,BID2506
AID574,BID2754
AID575,BID992
AID576,BID1259
AID576,BID1995
AID576,BID2030
AID576,BID2897
AID577,BID1342
AID578,BID1864
AID578,BID348
AID578,BID612
AID578,BID773
AID579,BID634
AID580,BID1168
AID580,BID2673
AID580,BID672
AID581,BID845
AID582,BID1265
AID582,BID2126
AID583,BID338
AID584,BID1227
AID585,BID2617
AID586,BID647
AID587,BID2294
AID588,BID184
AID588,BID215
AID589,BID1108
AID589,BID668
AID590,BID2955
AID591,BID1793
AID591,BID208
AID591,BID230
AID592,BID2926
AID593,BID1241
AID593,BID1642
AID593,BID2182
AID593,BID2269
AID593,BID823
AID594,BID2822
AID595,BID1868
AID595,BID227
AID595,BID925
AID596,BID2433
AID597,BID1271
AID597,BID742
AID598,BID1211
AID598,BID1296
AID598,BID2351
AID598,BID2551
AID599,BID1203
AID599,BID372
AID600,BID1257
AID600,BID2000
AID601,BID1268
AID601,BID203
AID601,BID392
AID601,BID841
AID602,BID2115
AID603,BID767
AID604,BID2332
AID604,BID880
AID605,BID156
AID605,BID2859
AID606,BID1107
AID606,BID2504
AID607,BID1627
AID608,BID1139
AID608,BID2561
AID609,BID1518
AID609,BID2690
AID610,BID889
AID611,BID631
AID612,BID1684
AID612,BID1858
AID612,BID2981
AID612,BID550
AID613,BID456
AID613,BID691
AID614,BID1947
AID614,BID1958
AID615,BID879
AID616,BID2721
AID617,BID533
AID617,BID71
AID617,BID811
AID618,BID2091
AID618,BID402
AID618,BID592
AID619,BID388
AID620,BID1194
AID620,BID2829
AID620,BID2998
AID620,BID524
AID620,BID708
AID621,BID2949
AID622,BID120
AID622,BID671
AID623,BID1683
AID624,BID1467
AID624,BID2920
AID625,BID1695
AID625,BID2411
AID625,BID2783
AID625,BID457
AID625,BID716
AID626,BID1398
AID626,BID2149
AID626,BID2867
AID627,BID1016
AID627,BID282
AID627,BID614
AID627,BID820
AID627,BID947
AID628,BID1909
AID628,BID830
AID629,BID1079
AID629,BID1739
AID630,BID219
AID631,BID2230
AID631,BID882
AID632,BID1808
AID632,BID704
AID633,BID1151
AID633,BID388
AID634,BID2041
AID634,BID2241
AID635,BID1259
AID635,BID1565
AID635,BID386
AID635,BID814
AID635,BID889
AID636,BID462
AID636,BID785
AID637,BID1356
AID637,BID85
AID638,BID2219
AID639,BID2309
AID640,BID903
AID640,BID912
AID641,BID1756
AID641,BID8
AID642,BID1123
AID642,BID1905
AID642,BID2685
AID642,BID2769
AID643,BID875
AID644,BID262
AID644,BID643
AID645,BID1233
AID645,BID1488
AID645,BID2871
AID645,BID718
AID645,BID751
AID646,BID440
AID646,BID467
AID647,BID1757
AID647,BID925
AID648,BID15
AID648,BID1910
AID648,BID228
AID649,BID2557
AID649,BID2618
AID650,BID194
AID650,BID918
AID651,BID316
AID652,BID2578
AID653,BID2810
AID653,BID866
AID654,BID1377
AID654,BID1677
AID654,BID2811
AID655,BID1946
AID655,BID35
AID656,BID811
AID656,BID856
AID657,BID133
AID657,BID161
AID657,BID2972
AID658,BID653
AID658,BID949
AID659,BID1308
AID659,BID361
AID660,BID2464
AID661,BID1011
AID661,BID399
AID662,BID1099
AID662,BID2253
AID663,BID1080
AID663,BID2367
AID664,BID1325
AID664,BID1401
AID664,BID147
AID664,BID2474
AID664,BID2500
AID665,BID1657
AID665,BID204
AID666,BID1955
AID666,BID2361
AID666,BID2417
AID667,BID1955
AID667,BID755
AID667,BID977
AID668,BID1972
AID668,BID2387
AID669,BID1199
AID669,BID2511
AID670,BID2231
AID670,BID277
AID670,BID2779
AID671,BID129
AID671,BID1500
AID671,BID1879
AID671,BID2625
AID671,BID362
AID672,BID2627
AID672,BID6
AID673,BID1357
AID673,BID1418
AID673,BID1994
AID673,BID2543
AID674,BID537
AID675,BID2421
AID675,BID2479
AID676,BID2356
AID677,BID1643
AID677,BID792
AID678,BID2796
AID678,BID298
AID679,BID2438
AID680,BID1406
AID680,BID473
AID681,BID1456
AID682,BID2315
AID682,BID819
AID683,BID2235
AID683,BID2976
AID684,BID2211
AID685,BID1408
AID685,BID99
AID686,BID1393
AID687,BID1803
AID688,BID156
AID688,BID1939
AID688,BID1959
AID688,BID723
AID688,BID815
AID689,BID114
AID690,BID176
AID690,BID293
AID691,BID1155
AID691,BID1374
AID691,BID1990
AID691,BID407
AID692,BID1628
AID693,BID1782
AID693,BID2806
AID694,BID1225
AID694,BID228
AID695,BID4
AID695,BID675
AID696,BID1071
AID696,BID327
AID696,BID687
AID696,BID919
AID697,BID2544
AID698,BID1463
AID699,BID112
AID699,BID1485
AID700,BID214
AID701,BID1156
AID702,BID1611
AID703,BID1218
AID703,BID344
AID704,BID1189
AID705,BID1779
AID706,BID1851
AID706,BID2372
AID707,BID106
AID707,BID2543
AID708,BID1111
AID708,BID923
AID709,BID1074
AID709,BID1111
AID709,BID1804
AID709,BID323
AID709,BID580
AID710,BID1088
AID710,BID1185
AID710,BID1834
AID710,BID2730
AID711,BID1516
AID712,BID140
AID712,BID1752
AID712,BID2769
AID712,BID2923
AID712,BID956
AID713,BID2460
AID714,BID2233
AID714,BID598
AID715,BID1888
AID715,BID2417
AID715,BID2643
AID715,BID2952
AID715,BID965
AID716,BID104
AID716,BID2814
AID717,BID1814
AID717,BID1916
AID717,BID517
AID717,BID912
AID718,BID1505
AID719,BID2025
AID719,BID490
AID720,BID1
AID720,BID508
AID721,BID1654
AID721,BID227
AID722,BID2188
AID723,BID2214
AID724,BID1397
AID724,BID2021
AID724,BID2294
AID725,BID1339
AID726,BID39
AID727,BID1547
AID728,BID568
AID729,BID1066
AID729,BID2522
AID730,BID611
AID730,BID724
AID731,BID938
AID732,BID10
AID732,BID1461
AID733,BID1867
AID733,BID42
AID733,BID902
AID734,BID2061
AID734,BID2088
AID735,BID175
AID735,BID2036
AID736,BID1383
AID736,BID2237
AID737,BID1683
AID737,BID49
AID738,BID2537
AID739,BID1049
AID739,BID1321
AID739,BID2391
AID739,BID2406
AID739,BID875
AID740,BID1624
AID740,BID1987
AID740,BID2008
AID740,BID2211
AID740,BID2653
AID741,BID359
AID741,BID391
AID742,BID1236
AID742,BID207
AID742,BID2126
AID742,BID818
AID742,BID92
AID743,BID1383
AID743,BID2467
AID743,BID2536
AID743,BID2859
AID743,BID498
AID744,BID516
AID744,BID546
AID745,BID1249
AID746,BID1280
AID746,BID1561
AID746,BID905
AID747,BID1818
AID747,BID1977
AID748,BID910
AID749,BID2017
AID750,BID1356
AID750,BID224
AID751,BID441
AID751,BID897
AID752,BID994
AID753,BID2384
AID753,BID2637
AID753,BID540
AID754,BID796
AID755,BID2387
AID755,BID257
AID755,BID2900
AID755,BID357
AID756,BID2119
AID756,BID242
AID757,BID757
AID758,BID2603
AID759,BID1896
AID759,BID2952
AID760,BID2162
AID761,BID2201
AID761,BID2512
AID761,BID2520
AID762,BID337
AID763,BID2653
AID763,BID2689
AID763,BID2698
AID763,BID2828
AID763,BID442
AID764,BID819
AID765,BID2272
AID765,BID2311
AID766,BID1149
AID766,BID1467
AID767,BID1042
AID768,BID1545
AID768,BID1567
AID768,BID2353
AID769,BID2099
AID769,BID225
AID770,BID311
AID771,BID177
AID771,BID2692
AID772,BID2426
AID773,BID1208
AID773,BID1572
AID773,BID297
AID774,BID2769
AID775,BID2165
AID775,BID2463
AID775,BID899
AID776,BID1855
AID777,BID1330
AID777,BID400
AID778,BID1748
AID778,BID2195
AID779,BID1782
AID779,BID499
AID780,BID56
AID781,BID1742
AID781,BID2421
AID781,BID557
AID781,BID875
AID782,BID184
AID782,BID2199
AID783,BID1113
AID784,BID2094
AID785,BID306
AID785,BID477
AID786,BID1366
AID787,BID591
AID788,BID947
AID789,BID1629
AID789,BID2114
AID789,BID2350
AID789,BID2470
AID790,BID1105
AID790,BID742
AID791,BID2333
AID792,BID1591
AID792,BID2941
AID792,BID830
AID793,BID2841
AID794,BID1188
AID795,BID2251
AID795,BID2282
AID796,BID663
AID797,BID750
AID797,BID751
AID798,BID124
AID798,BID156
AID799,BID100
AID799,BID2845
AID800,BID1099
AID800,BID2718
AID800,BID711
AID801,BID1511
AID801,BID2163
AID801,BID2289
AID801,BID2775
AID801,BID2985
AID802,BID1994
AID802,BID2697
AID802,BID2943
AID803,BID1489
AID803,BID1836
AID804,BID336
AID805,BID1536
AID805,BID2322
AID805,BID2559
AID806,BID1352
AID806,BID2118
AID806,BID2596
AID806,BID627
AID806,BID661
AID807,BID1625
AID808,BID1139
AID808,BID1420
AID809,BID1935
AID810,BID1241
AID810,BID2191
AID811,BID36
AID811,BID702
AID811,BID980
AID812,BID366
AID813,BID1026
AID813,BID1043
AID813,BID1356
AID813,BID1569
AID813,BID2529
AID814,BID2522
AID815,BID2292
AID816,BID1005
AID816,BID2607
AID816,BID64
AID817,BID2870
AID818,BID1627
AID819,BID1923
AID819,BID834
AID820,BID1251
AID820,BID1691
AID820,BID1961
AID820,BID2322
AID820,BID668
AID821,BID1680
AID821,BID2916
AID822,BID2884
AID823,BID2147
AID823,BID2430
AID824,BID1425
AID824,BID1443
AID824,BID1533
AID824,BID2218
AID824,BID2701
AID825,BID663
AID825,BID804
AID826,BID333
AID827,BID2472
AID828,BID924
AID829,BID2287
AID830,BID2235
AID831,BID175
AID831,BID1817
AID832,BID2970
AID833,BID2070
AID833,BID729
AID834,BID1732
AID834,BID1937
AID834,BID2327
AID835,BID691
AID836,BID1503
AID837,BID1705
AID837,BID2430
AID838,BID1429
AID838,BID1660
AID838,BID2750
AID839,BID1601
AID839,BID1966
AID839,BID2131
AID839,BID2441
AID839,BID2819
AID840,BID706
AID841,BID1256
AID842,BID1339
AID842,BID1678
AID842,BID1700
AID842,BID2760
AID842,BID2876
AID843,BID2209
AID843,BID2962
AID844,BID2761
AID844,BID712
AID845,BID2077
AID845,BID2515
AID846,BID1816
AID847,BID1433
AID847,BID17
AID847,BID19
AID847,BID365
AID848,BID61
AID849,BID2090
AID849,BID2691
AID849,BID369
AID850,BID144
AID850,BID2365
AID851,BID1755
AID851,BID213
AID851,BID448
AID851,BID707
AID852,BID2508
AID853,BID1055
AID853,BID1349
AID854,BID2530
AID854,BID726
AID855,BID1147
AID855,BID152
AID855,BID1868
AID855,BID2654
AID856,BID1252
AID857,BID1152
AID857,BID1695
AID858,BID2514
AID858,BID887
AID859,BID2422
AID859,BID786
AID860,BID1610
AID860,BID2571
AID861,BID617
AID862,BID1525
AID862,BID214
AID862,BID2357
AID862,BID861
AID863,BID1958
AID863,BID595
AID864,BID2532
AID865,BID1465
AID865,BID300
AID866,BID733
AID866,BID832
AID867,BID1396
AID867,BID1511
AID867,BID2040
AID868,BID1640
AID868,BID2142
AID868,BID36
AID868,BID469
AID869,BID729
AID870,BID1799
AID870,BID1931
AID871,BID1133
AID871,BID1229
AID871,BID2638
AID872,BID1035
AID872,BID2368
AID873,BID1928
AID873,BID769
AID874,BID2185
AID874,BID239
AID875,BID1714
AID875,BID1729
AID876,BID530
AID877,BID1256
AID877,BID2510
AID878,BID2216
AID879,BID1144
AID879,BID1862
AID880,BID1364
AID881,BID1545
AID881,BID1921
AID881,BID342
AID882,BID1552
AID882,BID2334
AID882,BID479
AID882,BID739
AID883,BID1504
AID884,BID2102
AID884,BID2272
AID885,BID1168
AID885,BID2486
AID885,BID2834
AID885,BID931
AID886,BID2025
AID886,BID2922
AID886,BID322
AID886,BID380
AID886,BID650
AID887,BID1321
AID888,BID621
AID889,BID2257
AID889,BID2492
AID890,BID1143
AID890,BID1755
AID890,BID2235
AID890,BID2407
AID890,BID254
AID891,BID2211
AID891,BID2419
AID891,BID363
AID891,BID885
AID892,BID121
AID892,BID1415
AID892,BID153
AID892,BID2118
AID892,BID2332
AID893,BID1551
AID893,BID202
AID893,BID2724
AID894,BID1569
AID895,BID2247
AID896,BID1432
AID896,BID1535
AID896,BID3000
AID897,BID2128
AID897,BID457
AID898,BID1040
AID898,BID1990
AID898,BID2423
AID898,BID2543
AID899,BID81
AID900,BID1788
AID900,BID2075
AID900,BID2077
AID900,BID2585
AID901,BID1065
AID901,BID1530
AID902,BID1381
AID902,BID2828
AID903,BID331
AID904,BID1127
AID904,BID127
AID904,BID194
AID905,BID1693
AID905,BID2833
AID906,BID2838
AID907,BID1800
AID908,BID2863
AID909,BID1634
AID909,BID1774
AID910,BID1204
AID911,BID1530
AID912,BID2514
AID913,BID1710
AID913,BID2119
AID913,BID2885
AID914,BID166
AID914,BID1849
AID915,BID480
AID916,BID2033
AID916,BID2168
AID917,BID204
AID918,BID753
AID918,BID859
AID919,BID1770
AID919,BID2546
AID920,BID153
AID920,BID2552
AID921,BID2226
AID921,BID2958
AID922,BID209
AID923,BID1520
AID924,BID1784
AID924,BID2481
AID925,BID2686
AID926,BID1841
AID926,BID1943
AID927,BID2799
AID927,BID896
AID928,BID2419
AID928,BID2536
AID928,BID271
AID929,BID2795
AID930,BID1501
AID931,BID1262
AID931,BID1587
AID932,BID286
AID932,BID487
AID933,BID2063
AID933,BID2119
AID934,BID2463
AID935,BID620
AID935,BID746
AID936,BID1158
AID936,BID1204
AID936,BID1366
AID936,BID1808
AID937,BID1482
AID937,BID609
AID938,BID1762
AID939,BID1271
AID939,BID2073
AID939,BID2537
AID939,BID723
AID940,BID1474
AID941,BID1124
AID941,BID1876
AID942,BID1156
AID942,BID1708
AID942,BID1979
AID942,BID2206
AID942,BID464
AID943,BID2905
AID943,BID747
AID944,BID1683
AID944,BID2553
AID945,BID1700
AID945,BID2474
AID946,BID102
AID946,BID1040
AID946,BID1104
AID947,BID1025
AID947,BID816
AID948,BID1589
AID949,BID1194
AID949,BID1524
AID950,BID2825
AID950,BID3
AID950,BID478
AID951,BID1002
AID951,BID1765
AID952,BID1704
AID952,BID2680
AID953,BID2394
AID954,BID2004
AID955,BID80
AID956,BID1591
AID956,BID306
AID957,BID156
AID957,BID1688
AID957,BID1733
AID957,BID2130
AID957,BID279
AID958,BID1252
AID959,BID1980
AID959,BID2591
AID960,BID824
AID961,BID2155
AID961,BID622
AID962,BID2075
AID962,BID2309
AID963,BID865
AID964,BID112
AID964,BID1494
AID964,BID36
AID964,BID729
AID964,BID767
AID965,BID1794
AID965,BID473
AID965,BID83
AID966,BID1262
AID966,BID857
AID967,BID1109
AID968,BID296
AID968,BID396
AID969,BID2477
AID969,BID637
AID970,BID697
AID971,BID1904
AID972,BID1091
AID972,BID1171
AID973,BID2314
AID974,BID582
AID974,BID986
AID975,BID2646
AID975,BID886
AID976,BID1552
AID977,BID2389
AID977,BID2759
AID978,BID1302
AID979,BID186
AID979,BID2926
AID979,BID409
AID979,BID671
AID979,BID703
AID980,BID596
AID980,BID962
AID981,BID190
AID981,BID2732
AID982,BID107
AID983,BID1019
AID983,BID2675
AID983,BID2742
AID983,BID2976
AID983,BID918
AID984,BID643
AID984,BID726
AID985,BID1195
AID985,BID236
AID985,BID528
AID985,BID804
AID986,BID1763
AID986,BID2627
AID987,BID2773
AID988,BID1041
AID988,BID2668
AID989,BID2395
AID989,BID2643
AID990,BID239
AID991,BID1240
AID992,BID310
AID992,BID466
AID993,BID1429
AID993,BID2577
AID994,BID1684
AID994,BID328
AID995,BID1218
AID996,BID150
AID997,BID1305
AID997,BID1539
AID997,BID475
AID997,BID93
AID998,BID1282
AID998,BID1484
AID998,BID2013
AID998,BID2760
AID999,BID1532
AID999,BID2783
AID1000,BID1027
AID1000,BID1154
AID1001,BID1573
AID1002,BID1281
AID1002,BID2210
AID1003,BID1197
AID1003,BID661
AID1003,BID696
AID1004,BID1880
AID1004,BID1925
AID1004,BID658
AID1004,BID942
AID1005,BID2012
AID1005,BID613
AID1005,BID923
AID1006,BID1480
AID1006,BID2092
AID1007,BID1378
AID1007,BID2298
AID1007,BID705
AID1007,BID945
AID1008,BID1128
AID1008,BID2358
AID1009,BID2099
AID1009,BID2316
AID1009,BID841
AID1009,BID894
AID1010,BID1743
AID1010,BID2098
AID1011,BID2063
AID1011,BID37
AID1012,BID1087
AID1013,BID2101
AID1013,BID806
AID1014,BID1631
AID1014,BID285
AID1015,BID2120
AID1016,BID2443
AID1016,BID2893
AID1017,BID1711
AID1017,BID846
AID1018,BID19
AID1019,BID1056
AID1019,BID1307
AID1020,BID46
AID1021,BID1945
AID1022,BID2910
AID1023,BID1081
AID1023,BID704
AID1024,BID2094
AID1024,BID216
AID1024,BID2581
AID1024,BID604
AID1024,BID878
AID1025,BID131
AID1025,BID2115
AID1026,BID1556
AID1026,BID2900
AID1027,BID2597
AID1028,BID1491
AID1029,BID2150
AID1030,BID1791
AID1031,BID1218
AID1032,BID2265
AID1032,BID2523
AID1033,BID1408
AID1033,BID2739
AID1033,BID399
AID1033,BID579
AID1034,BID1158
AID1034,BID1818
AID1034,BID2665
AID1034,BID448
AID1034,BID746
AID1035,BID2880
AID1036,BID1713
AID1036,BID334
AID1037,BID1394
AID1037,BID2837
AID1038,BID1502
AID1038,BID1981
AID1038,BID2035
AID1038,BID2557
AID1039,BID792
AID1040,BID1573
AID1040,BID2804
AID1041,BID2910
AID1041,BID44
AID1042,BID1992
AID1042,BID985
AID1043,BID2220
AID1043,BID437
AID1043,BID762
AID1044,BID1328
AID1044,BID2098
AID1045,BID2466
AID1045,BID2897
AID1046,BID1329
AID1046,BID2504
AID1046,BID2733
AID1046,BID457
AID1047,BID1150
AID1047,BID1444
AID1048,BID1425
AID1048,BID1474
AID1048,BID1921
AID1048,BID226
AID1048,BID997
AID1049,BID181
AID1050,BID1102
AID1051,BID2809
AID1051,BID424
AID1052,BID2596
AID1053,BID1074
AID1054,BID1713
AID1055,BID2188
AID1055,BID586
AID1056,BID1495
AID1057,BID1108
AID1058,BID1988
AID1058,BID316
AID1059,BID1802
AID1060,BID2009
AID1060,BID866
AID1061,BID1583
AID1061,BID1683
AID1062,BID2594
AID1063,BID1421
AID1063,BID1871
AID1063,BID2322
AID1063,BID2802
AID1064,BID1397
AID1064,BID17
AID1065,BID2793
AID1065,BID503
AID1066,BID948
AID1067,BID1510
AID1067,BID2716
AID1068,BID2066
AID1069,BID1241
AID1070,BID1740
AID1070,BID931
AID1071,BID1946
AID1071,BID447
AID1072,BID480
AID1073,BID1220
AID1074,BID1933
AID1074,BID2224
AID1075,BID358
AID1076,BID2794
AID1076,BID852
AID1077,BID964
AID1078,BID2543
AID1079,BID366
AID1080,BID1054
AID1080,BID2880
AID1081,BID1797
AID1082,BID1141
AID1082,BID1371
AID1082,BID1617
AID1082,BID935
AID1083,BID2117
AID1084,BID1042
AID1084,BID1829
AID1085,BID1720
AID1085,BID2330
AID1085,BID2586
AID1085,BID2737
AID1085,BID2890
AID1086,BID1102
AID1086,BID2334
AID1086,BID2624
AID1086,BID378
AID1086,BID52
AID1087,BID202
AID1087,BID2589
AID1088,BID1679
AID1089,BID2645
AID1090,BID2765
AID1091,BID449
AID1092,BID2524
AID1093,BID1784
AID1093,BID1864
AID1094,BID2830
AID1095,BID1931
AID1095,BID2354
AID1096,BID2705
AID1096,BID2718
AID1097,BID1837
AID1097,BID2111
AID1097,BID2766
AID1097,BID451
AID1097,BID856
AID1098,BID132
AID1098,BID1380
AID1098,BID2024
AID1098,BID489
AID1098,BID907
AID1099,BID2228
AID1100,BID2451
AID1100,BID2949
AID1101,BID1261
AID1101,BID2066
AID1102,BID2238
AID1102,BID246
AID1102,BID2576
AID1102,BID2849
AID1103,BID2586
AID1104,BID1420
AID1105,BID1571
AID1105,BID295
AID1106,BID980
AID1107,BID1046
AID1108,BID1721
AID1108,BID2535
AID1108,BID599
AID1109,BID1197
AID1109,BID1528
AID1110,BID1440
AID1110,BID2558
AID1111,BID756
AID1112,BID2652
AID1113,BID1758
AID1113,BID1832
AID1113,BID2629
AID1114,BID1540
AID1114,BID4
AID1115,BID1971
AID1115,BID2360
AID1116,BID263
AID1116,BID928
AID1117,BID870
AID1118,BID2297
AID1118,BID25
AID1119,BID1278
AID1119,BID4
AID1120,BID2629
AID1121,BID848
AID1122,BID1731
AID1123,BID1000
AID1124,BID1493
AID1125,BID1161
AID1125,BID2645
AID1125,BID395
AID1126,BID2103
AID1126,BID2433
AID1127,BID1295
AID1127,BID2124
AID1128,BID2414
AID1128,BID845
AID1129,BID762
AID1129,BID945
AID1130,BID1761
AID1130,BID549
AID1131,BID1584
AID1132,BID1653
AID1132,BID2066
AID1132,BID2440
AID1132,BID2739
AID1132,BID868
AID1133,BID1151
AID1133,BID1515
AID1134,BID1308
AID1134,BID2321
AID1135,BID546
AID1136,BID1275
AID1136,BID1737
AID1136,BID3000
AID1137,BID395
AID1137,BID938
AID1138,BID1377
AID1138,BID550
AID1139,BID1144
AID1139,BID1357
AID1139,BID1836
AID1139,BID664
AID1140,BID156
AID1140,BID2749
AID1141,BID2004
AID1142,BID1425
AID1142,BID2091
AID1143,BID1524
AID1143,BID2295
AID1144,BID2409
AID1145,BID2278
AID1146,BID2359
AID1147,BID1089
AID1147,BID2276
AID1148,BID1607
AID1148,BID2377
AID1149,BID2760
AID1149,BID2998
AID1150,BID174
AID1150,BID2038
AID1151,BID164
AID1151,BID2118
AID1152,BID1264
AID1152,BID2732
AID1153,BID712
AID1154,BID239
AID1154,BID2622
AID1155,BID2983
AID1156,BID2249
AID1156,BID2614
AID1156,BID2855
AID1156,BID453
AID1157,BID1321
AID1157,BID1984
AID1157,BID2509
AID1157,BID261
AID1157,BID445
AID1158,BID1295
AID1159,BID897
AID1160,BID1315
AID1160,BID1564
AID1160,BID466
AID1161,BID1849
AID1161,BID2714
AID1162,BID831
AID1163,BID642
AID1164,BID1858
AID1164,BID2004
AID1164,BID2381
AID1164,BID622
AID1164,BID731
AID1165,BID1218
AID1166,BID1401
AID1166,BID2017
AID1166,BID2430
AID1166,BID890
AID1167,BID1068
AID1167,BID2009
AID1168,BID811
AID1169,BID1435
AID1170,BID1046
AID1170,BID1123
AID1170,BID1201
AID1170,BID1264
AID1170,BID1607
AID1171,BID69
AID1172,BID2644
AID1172,BID2705
AID1173,BID2942
AID1174,BID171
AID1174,BID1854
AID1175,BID2320
AID1175,BID2974
AID1176,BID1805
AID1177,BID1292
AID1177,BID1672
AID1177,BID395
AID1178,BID2699
AID1179,BID1887
AID1179,BID2398
AID1180,BID2512
AID1180,BID504
AID1181,BID1312
AID1181,BID2239
AID1181,BID237
AID1182,BID242
AID1183,BID2263
AID1184,BID1366
AID1184,BID1873
AID1184,BID457
AID1185,BID1663
AID1185,BID2254
AID1186,BID1788
AID1186,BID673
AID1187,BID2592
AID1187,BID2831
AID1188,BID821
AID1188,BID946
AID1189,BID2259
AID1189,BID523
AID1190,BID2148
AID1190,BID2254
AID1190,BID2342
AID1190,BID579
AID1191,BID1172
AID1191,BID601
AID1192,BID1968
AID1192,BID87
AID1193,BID726
AID1194,BID1330
AID1195,BID1194
AID1195,BID1200
AID1195,BID2216
AID1195,BID463
AID1195,BID616
AID1196,BID105
AID1197,BID132
AID1197,BID2870
AID1198,BID1859
AID1199,BID1030
AID1199,BID2562
AID1199,BID795
AID1200,BID252
AID1200,BID713
AID1201,BID844
AID1202,BID1151
AID1202,BID2183
AID1203,BID2578
AID1203,BID2781
AID1204,BID1625
AID1204,BID2519
AID1204,BID2663
AID1204,BID397
AID1204,BID747
AID1205,BID1249
AID1205,BID1627
AID1206,BID1826
AID1206,BID2121
AID1206,BID2595
AID1206,BID647
AID1207,BID436
AID1208,BID1907
AID1208,BID410
AID1209,BID2336
AID1210,BID2516
AID1211,BID1299
AID1211,BID1327
AID1212,BID866
AID1213,BID1330
AID1213,BID1670
AID1214,BID1058
AID1214,BID2244
AID1215,BID2755
AID1215,BID2952
AID1216,BID1672
AID1217,BID1863
AID1217,BID2353
AID1217,BID2855
AID1217,BID577
AID1217,BID708
AID1218,BID1019
AID1218,BID1533
AID1218,BID457
AID1218,BID502
AID1219,BID2382
AID1220,BID984
AID1221,BID1286
AID1221,BID2354
AID1221,BID452
AID1222,BID2162
AID1223,BID1233
AID1223,BID2884
AID1224,BID1327
AID1225,BID1600
AID1225,BID247
AID1225,BID2624
AID1225,BID2709
AID1225,BID515
AID1226,BID1442
AID1227,BID372
AID1228,BID1552
AID1228,BID2886
AID1228,BID614
AID1228,BID86
AID1229,BID1480
AID1230,BID488
AID1231,BID2263
AID1231,BID711
AID1232,BID2530
AID1233,BID210
AID1233,BID418
AID1234,BID2033
AID1234,BID962
AID1235,BID1066
AID1235,BID2787
AID1236,BID1313
AID1236,BID1322
AID1236,BID1561
AID1236,BID1688
AID1236,BID2439
AID1237,BID1344
AID1237,BID581
AID1238,BID64
AID1239,BID558
AID1240,BID2412
AID1241,BID1876
AID1241,BID2520
AID1242,BID2285
AID1243,BID1905
AID1244,BID2224
AID1245,BID1490
AID1245,BID55
AID1246,BID326
AID1247,BID198
AID1247,BID2776
AID1248,BID1634
AID1249,BID995
AID1250,BID1649
AID1251,BID104
AID1251,BID2442
AID1251,BID765
AID1252,BID2261
AID1252,BID281
AID1253,BID1814
AID1253,BID947
AID1254,BID267
AID1255,BID1589
AID1255,BID2928
AID1255,BID2967
AID1256,BID1952
AID1256,BID508
AID1256,BID639
AID1257,BID2425
AID1258,BID1438
AID1258,BID2049
AID1259,BID2058
AID1260,BID2892
AID1261,BID2228
AID1262,BID294
AID1262,BID605
AID1263,BID1590
AID1263,BID437
AID1264,BID1842
AID1265,BID2869
AID1266,BID2753
AID1267,BID2177
AID1267,BID2695
AID1268,BID2110
AID1269,BID1818
AID1269,BID2022
AID1270,BID2896
AID1271,BID2545
AID1272,BID1297
AID1272,BID1857
AID1273,BID2617
AID1274,BID2268
AID1275,BID1978
AID1276,BID1329
AID1276,BID502
AID1277,BID2644
AID1278,BID1713
AID1278,BID1785
AID1278,BID2521
AID1279,BID2091
AID1280,BID1555
AID1280,BID2283
AID1280,BID2918
AID1281,BID1345
AID1281,BID687
AID1282,BID1265
AID1282,BID1403
AID1282,BID1835
AID1282,BID521
AID1283,BID1522
AID1284,BID1891
AID1284,BID2438
AID1285,BID1432
AID1285,BID2696
AID1286,BID1638
AID1287,BID2323
AID1288,BID2335
AID1288,BID2457
AID1289,BID133
AID1290,BID2700
AID1290,BID2831
AID1291,BID469
AID1292,BID511
AID1293,BID2905
AID1293,BID2910
AID1294,BID2102
AID1294,BID84
AID1295,BID1288
AID1296,BID1058
AID1297,BID1391
AID1297,BID2163
AID1297,BID2534
AID1297,BID481
AID1298,BID1187
AID1298,BID1196
AID1299,BID490
AID1300,BID990
AID1301,BID1636
AID1301,BID2182
AID1301,BID2618
AID1302,BID2140
AID1302,BID2310
AID1303,BID1069
AID1304,BID1620
AID1304,BID1869
AID1304,BID2264
AID1305,BID1880
AID1306,BID1611
AID1306,BID920
AID1307,BID1740
AID1307,BID2497
AID1308,BID2486
AID1309,BID2514
AID1310,BID88
AID1311,BID391
AID1312,BID2259
AID1312,BID2499
AID1312,BID988
AID1313,BID2031
AID1313,BID2327
AID1314,BID247
AID1315,BID1323
AID1316,BID1952
AID1316,BID2032
AID1316,BID2126
AID1316,BID22
AID1317,BID1753
AID1318,BID1925
AID1318,BID494
AID1319,BID2366
AID1319,BID520
AID1320,BID2603
AID1320,BID900
AID1321,BID1436
AID1322,BID518
AID1322,BID716
AID1323,BID1667
AID1323,BID785
AID1324,BID217
AID1325,BID1004
AID1325,BID850
AID1326,BID1373
AID1326,BID65
AID1327,BID405
AID1328,BID398
AID1329,BID2167
AID1329,BID583
AID1330,BID2148
AID1330,BID2455
AID1331,BID1399
AID1332,BID1793
AID1333,BID2216
AID1333,BID2557
AID1334,BID2093
AID1334,BID2614
AID1335,BID118
AID1335,BID2367
AID1336,BID1553
AID1336,BID1931
AID1336,BID2322
AID1336,BID715
AID1336,BID957
AID1337,BID602
AID1338,BID262
AID1338,BID538
AID1339,BID1737
AID1339,BID2753
AID1340,BID1396
AID1340,BID1531
AID1340,BID959
AID1341,BID1371
AID1341,BID1478
AID1341,BID2487
AID1341,BID2781
AID1341,BID947
AID1342,BID333
AID1343,BID1368
AID1344,BID1776
AID1344,BID1828
AID1345,BID2810
AID1345,BID559
AID1346,BID1446
AID1347,BID1488
AID1347,BID1918
AID1347,BID2760
AID1347,BID2974
AID1348,BID2785
AID1349,BID897
AID1350,BID1422
AID1350,BID2245
AID1350,BID696
AID1351,BID587
AID1351,BID96
AID1352,BID2759
AID1353,BID2108
AID1353,BID948
AID1354,BID2325
AID1354,BID848
AID1355,BID1403
AID1355,BID572
AID1356,BID1039
AID1357,BID1129
AID1357,BID2312
AID1358,BID2044
AID1359,BID1549
AID1359,BID1668
AID1359,BID2068
AID1359,BID2449
AID1359,BID411
AID1360,BID1061
AID1360,BID1332
AID1360,BID659
AID1360,BID884
AID1361,BID2185
AID1361,BID2369
AID1361,BID679
AID1362,BID1712
AID1362,BID475
AID1363,BID2759
AID1364,BID1108
AID1364,BID1759
AID1364,BID2019
AID1365,BID1782
AID1366,BID2304
AID1366,BID761
AID1367,BID1015
AID1367,BID2442
AID1367,BID261
AID1367,BID640
AID1368,BID1151
AID1368,BID1170
AID1369,BID114
AID1370,BID2485
AID1370,BID699
AID1371,BID1145
AID1371,BID2139
AID1371,BID2321
AID1371,BID528
AID1371,BID85
AID1372,BID441
AID1373,BID2455
AID1374,BID1640
AID1374,BID549
AID1375,BID1254
AID1375,BID1634
AID1376,BID160
AID1376,BID505
AID1377,BID1282
AID1377,BID1775
AID1378,BID2462
AID1378,BID933
AID1379,BID1377
AID1380,BID636
AID1381,BID502
AID1381,BID632
AID1382,BID2598
AID1383,BID2329
AID1383,BID638
AID1383,BID899
AID1384,BID1067
AID1384,BID1862
AID1384,BID2270
AID1384,BID2502
AID1384,BID3
AID1385,BID2596
AID1385,BID2941
AID1386,BID1851
AID1387,BID2955
AID1388,BID1637
AID1388,BID2700
AID1389,BID1854
AID1389,BID6
AID1390,BID1028
AID1390,BID1227
AID1391,BID1417
AID1392,BID1255
AID1392,BID2151
AID1393,BID614
AID1394,BID212
AID1395,BID1347
AID1395,BID1670
AID1396,BID1206
AID1397,BID1604
AID1398,BID1955
AID1398,BID709
AID1399,BID51
AID1400,BID550
AID1401,BID1150
AID1402,BID1744
AID1403,BID1139
AID1403,BID1147
AID1403,BID1727
AID1403,BID1992
AID1404,BID1561
AID1405,BID1377
AID1405,BID1417
AID1405,BID2112
AID1406,BID1300
AID1406,BID2005
AID1407,BID1168
AID1408,BID1779
AID1409,BID2353
AID1410,BID1078
AID1410,BID1506
AID1410,BID2440
AID1411,BID2819
AID1411,BID942
AID1412,BID1288
AID1412,BID2736
AID1413,BID1343
AID1413,BID1843
AID1414,BID776
AID1415,BID892
AID1416,BID1114
AID1416,BID492
AID1417,BID2677
AID1417,BID729
AID1418,BID1545
AID1419,BID1700
AID1419,BID877
AID1420,BID810
AID1421,BID1631
AID1421,BID2339
AID1421,BID2597
AID1421,BID2644
AID1422,BID490
AID1423,BID14
AID1423,BID541
AID1424,BID1878
AID1424,BID2725
AID1424,BID443
AID1424,BID854
AID1425,BID1404
AID1425,BID24
AID1425,BID463
AID1425,BID475
AID1426,BID2674
AID1426,BID755
AID1427,BID1790
AID1427,BID2945
AID1428,BID1639
AID1429,BID1372
AID1429,BID445
AID1429,BID5
AID1430,BID1509
AID1431,BID1330
AID1431,BID2386
AID1432,BID1579
AID1432,BID1655
AID1432,BID2289
AID1432,BID2320
AID1432,BID2449
AID1433,BID2423
AID1433,BID2765
AID1434,BID2348
AID1434,BID2924
AID1434,BID453
AID1434,BID888
AID1434,BID918
AID1435,BID1703
AID1435,BID2598
AID1436,BID1493
AID1436,BID1595
AID1436,BID2152
AID1436,BID2543
AID1436,BID546
AID1437,BID2939
AID1438,BID465
AID1438,BID682
AID1439,BID1021
AID1439,BID2266
AID1440,BID2755
AID1441,BID2589
AID1442,BID435
AID1443,BID1354
AID1444,BID1687
AID1444,BID900
AID1445,BID1003
AID1445,BID2478
AID1446,BID1779
AID1447,BID284
AID1448,BID1448
AID1448,BID2817
AID1449,BID90
AID1450,BID1638
AID1450,BID730
AID1451,BID1312
AID1451,BID56
AID1452,BID1799
AID1452,BID1871
AID1453,BID474
AID1454,BID2003
AID1454,BID2287
AID1454,BID2364
AID1454,BID2431
AID1455,BID2305
AID1455,BID2741
AID1456,BID1879
AID1456,BID2564
AID1456,BID90
AID1457,BID2736
AID1458,BID163
AID1458,BID2489
AID1458,BID2777
AID1459,BID585
AID1460,BID2170
AID1460,BID2453
AID1461,BID2414
AID1461,BID2733
AID1462,BID201
AID1462,BID698
AID1463,BID540
AID1464,BID2315
AID1464,BID67
AID1465,BID2524
AID1466,BID1461
AID1467,BID435
AID1467,BID83
AID1468,BID1455
AID1468,BID1761
AID1469,BID1333
AID1469,BID2662
AID1470,BID103
AID1470,BID1239
AID1471,BID2470
AID1472,BID1420
AID1473,BID2627
AID1473,BID442
AID1474,BID1432
AID1474,BID2311
AID1475,BID1484
AID1476,BID1635
AID1476,BID792
AID1477,BID2342
AID1477,BID96
AID1478,BID1601
AID1479,BID1202
AID1479,BID1963
AID1479,BID2023
AID1479,BID848
AID1480,BID2369
AID1481,BID410
AID1482,BID366
AID1483,BID1976
AID1483,BID526
AID1484,BID1202
AID1484,BID1263
AID1485,BID233
AID1486,BID1457
AID1487,BID618
AID1487,BID959
AID1488,BID2114
AID1488,BID546
AID1489,BID1707
AID1489,BID203
AID1489,BID2792
AID1489,BID915
AID1490,BID1361
AID1491,BID931
AID1492,BID1327
AID1493,BID1657
AID1493,BID275
AID1494,BID1444
AID1495,BID2386
AID1496,BID2609
AID1497,BID714
AID1498,BID716
AID1499,BID2398
AID1499,BID902
AID1500,BID2492
AID1500,BID313
AID1501,BID552
AID1502,BID1512
AID1503,BID2223
AID1504,BID317
AID1505,BID2146
AID1505,BID2881
AID1506,BID117
AID1506,BID1831
AID1507,BID47
AID1508,BID55
AID1508,BID738
AID1509,BID75
AID1510,BID2362
AID1511,BID2624
AID1511,BID2683
AID1512,BID1185
AID1512,BID1812
AID1513,BID1005
AID1513,BID1521
AID1513,BID1751
AID1513,BID1761
AID1513,BID969
AID1514,BID1898
AID1514,BID2700
AID1515,BID1151
AID1515,BID2007
AID1515,BID2352
AID1515,BID2684
AID1515,BID2791
AID1516,BID72
AID1517,BID613
AID1518,BID1627
AID1519,BID1543
AID1519,BID1722
AID1519,BID1816
AID1519,BID2177
AID1519,BID689
AID1520,BID1442
AID1521,BID208
AID1521,BID304
AID1522,BID1852
AID1523,BID16
AID1523,BID37
AID1524,BID2
AID1525,BID1058
AID1525,BID1116
AID1525,BID2175
AID1525,BID2489
AID1525,BID622
AID1526,BID24
AID1527,BID2486
AID1528,BID1340
AID1529,BID1128
AID1529,BID2210
AID1529,BID2442
AID1530,BID1524
AID1531,BID2383
AID1531,BID2540
AID1532,BID652
AID1533,BID2509
AID1533,BID432
AID1534,BID1265
AID1534,BID1762
AID1535,BID153
AID1536,BID1622
AID1537,BID1483
AID1537,BID2347
AID1537,BID2423
AID1537,BID2906
AID1538,BID1549
AID1539,BID1812
AID1540,BID1311
AID1540,BID2037
AID1540,BID835
AID1541,BID917
AID1542,BID1887
AID1542,BID2935
AID1543,BID2470
AID1544,BID1608
AID1545,BID1940
AID1545,BID2062
AID1545,BID2919
AID1545,BID326
AID1545,BID496
AID1546,BID1079
AID1547,BID731
AID1547,BID745
AID1548,BID1002
AID1548,BID1234
AID1549,BID1035
AID1549,BID159
AID1550,BID1817
AID1551,BID133
AID1551,BID2201
AID1551,BID2360
AID1551,BID2462
AID1552,BID1696
AID1552,BID2055
AID1552,BID2979
AID1552,BID350
AID1552,BID637
AID1553,BID1195
AID1553,BID1290
AID1554,BID2386
AID1554,BID320
AID1554,BID808
AID1554,BID908
AID1555,BID1188
AID1555,BID904
AID1556,BID2148
AID1557,BID209
AID1557,BID2426
AID1558,BID1393
AID1558,BID2570
AID1559,BID1856
AID1560,BID1125
AID1560,BID1217
AID1561,BID1086
AID1561,BID114
AID1561,BID2658
AID1561,BID435
AID1562,BID297
AID1563,BID585
AID1563,BID897
AID1564,BID2673
AID1565,BID1596
AID1565,BID566
AID1566,BID1351
AID1566,BID1357
AID1566,BID2421
AID1566,BID2711
AID1566,BID997
AID1567,BID550
AID1568,BID1195
AID1568,BID1596
AID1568,BID2188
AID1568,BID626
AID1569,BID113
AID1569,BID1842
AID1570,BID1731
AID1570,BID2253
AID1571,BID1576
AID1572,BID1014
AID1572,BID1911
AID1572,BID2680
AID1573,BID1016
AID1573,BID647
AID1574,BID1399
AID1574,BID1912
AID1575,BID1740
AID1575,BID635
AID1576,BID1284
AID1576,BID1428
AID1576,BID1878
AID1576,BID2301
AID1576,BID2723
AID1577,BID1604
AID1578,BID1214
AID1578,BID1812
AID1579,BID1255
AID1579,BID2645
AID1580,BID1251
AID1581,BID1838
AID1582,BID340
AID1583,BID1409
AID1584,BID1495
AID1584,BID1636
AID1584,BID2196
AID1584,BID282
AID1584,BID71
AID1585,BID1590
AID1585,BID2545
AID1586,BID2385
AID1587,BID2555
AID1587,BID2679
AID1588,BID2856
AID1589,BID2448
AID1589,BID570
AID1590,BID1833
AID1590,BID62
AID1591,BID185
AID1591,BID2490
AID1592,BID2164
AID1593,BID2339
AID1593,BID336
AID1594,BID1167
AID1594,BID584
AID1595,BID1556
AID1595,BID1732
AID1596,BID2035
AID1596,BID806
AID1597,BID1341
AID1597,BID2645
AID1598,BID1794
AID1599,BID1304
AID1599,BID2709
AID1599,BID919
AID1600,BID1932
AID1601,BID219
AID1602,BID1241
AID1602,BID1498
AID1602,BID2349
AID1602,BID256
AID1602,BID785
AID1603,BID2825
AID1603,BID554
AID1604,BID789
AID1605,BID796
AID1606,BID260
AID1606,BID33
AID1607,BID2059
AID1607,BID880
AID1608,BID244
AID1608,BID2737
AID1609,BID1781
AID1610,BID2570
AID1610,BID81
AID1611,BID1630
AID1611,BID2941
AID1612,BID2449
AID1613,BID631
AID1614,BID2042
AID1614,BID2987
AID1615,BID1073
AID1615,BID1578
AID1615,BID159
AID1615,BID2294
AID1615,BID706
AID1616,BID1134
AID1617,BID1459
AID1617,BID2222
AID1617,BID2548
AID1618,BID2198
AID1618,BID2607
AID1619,BID2424
AID1620,BID1169
AID1620,BID2787
AID1621,BID1352
AID1621,BID2071
AID1621,BID227
AID1621,BID2772
AID1621,BID349
AID1622,BID124
AID1623,BID303
AID1623,BID668
AID1624,BID2983
AID1625,BID187
AID1625,BID588
AID1626,BID1733
AID1626,BID1810
AID1626,BID2146
AID1626,BID2945
AID1626,BID674
AID1627,BID2187
AID1628,BID1681
AID1629,BID1134
AID1630,BID1702
AID1631,BID430
AID1632,BID1530
AID1633,BID1874
AID1633,BID2090
AID1634,BID2168
AID1635,BID2790
AID1636,BID2294
AID1636,BID385
AID1637,BID1795
AID1637,BID2704
AID1638,BID1964
AID1639,BID1564
AID1640,BID30
AID1641,BID2763
AID1642,BID1091
AID1642,BID2703
AID1643,BID2940
AID1644,BID1604
AID1644,BID2167
AID1645,BID1849
AID1645,BID1872
AID1646,BID2581
AID1647,BID2120
AID1647,BID895
AID1648,BID1272
AID1649,BID2993
AID1650,BID2060
AID1650,BID2632
AID1651,BID2840
AID1651,BID700
AID1652,BID2168
AID1652,BID830
AID1653,BID2161
AID1654,BID2695
AID1654,BID358
AID1655,BID1726
AID1656,BID1964
AID1656,BID290
AID1657,BID2286
AID1658,BID2666
AID1659,BID1346
AID1660,BID2732
AID1661,BID805
AID1661,BID833
AID1662,BID73
AID1663,BID2233
AID1663,BID2919
AID1664,BID1049
AID1664,BID1277
AID1664,BID1742
AID1664,BID2378
AID1664,BID326
AID1665,BID2178
AID1666,BID1840
AID1666,BID2368
AID1667,BID2537
AID1668,BID1234
AID1668,BID813
AID1669,BID2023
AID1670,BID1227
AID1671,BID1114
AID1672,BID1979
AID1673,BID2091
AID1674,BID1710
AID1674,BID2722
AID1674,BID902
AID1675,BID183
AID1675,BID2743
AID1675,BID2767
AID1676,BID2296
AID1676,BID311
AID1677,BID1416
AID1677,BID2194
AID1677,BID23
AID1677,BID2479
AID1677,BID2668
AID1678,BID1553
AID1678,BID313
AID1678,BID783
AID1679,BID437
AID1679,BID537
AID1680,BID2060
AID1681,BID432
AID1682,BID360
AID1683,BID2196
AID1684,BID1908
AID1685,BID2276
AID1685,BID251
AID1685,BID2643
AID1686,BID125
AID1687,BID2034
AID1687,BID2407
AID1688,BID1209
AID1688,BID2813
AID1689,BID14
AID1690,BID1072
AID1690,BID2826
AID1691,BID2800
AID1691,BID940
AID1692,BID1005
AID1692,BID1643
AID1692,BID1707
AID1692,BID2658
AID1692,BID981
AID1693,BID702
AID1694,BID1752
AID1695,BID1593
AID1695,BID2363
AID1696,BID1689
AID1696,BID263
AID1697,BID2707
AID1697,BID504
AID1698,BID115
AID1699,BID1137
AID1699,BID1663
AID1700,BID1181
AID1700,BID2756
AID1701,BID1718
AID1701,BID299
AID1702,BID112
AID1702,BID2184
AID1702,BID2850
AID1703,BID2611
AID1703,BID803
AID1703,BID841
AID1704,BID1578
AID1705,BID1376
AID1705,BID1505
AID1705,BID2695
AID1706,BID1163
AID1706,BID2574
AID1706,BID265
AID1706,BID2944
AID1706,BID505
AID1707,BID2322
AID1707,BID815
AID1708,BID496
AID1709,BID141
AID1709,BID1876
AID1710,BID799
AID1711,BID2637
AID1712,BID1793
AID1712,BID2880
AID1713,BID1801
AID1714,BID2153
AID1714,BID2944
AID1715,BID1431
AID1715,BID1861
AID1716,BID2252
AID1716,BID2602
AID1717,BID2057
AID1718,BID1469
AID1718,BID1697
AID1718,BID737
AID1718,BID767
AID1718,BID998
AID1719,BID1573
AID1719,BID944
AID1719,BID988
AID1720,BID2069
AID1721,BID2734
AID1722,BID2146
AID1722,BID303
AID1722,BID461
AID1723,BID2275
AID1723,BID909
AID1724,BID1649
AID1724,BID314
AID1725,BID773
AID1726,BID2172
AID1726,BID2234
AID1727,BID1349
AID1727,BID947
AID1728,BID2201
AID1728,BID524
AID1729,BID1579
AID1730,BID1368
AID1730,BID177
AID1730,BID535
AID1730,BID927
AID1730,BID938
AID1731,BID427
AID1732,BID2354
AID1733,BID159
AID1734,BID1157
AID1734,BID1691
AID1735,BID2338
AID1735,BID359
AID1736,BID2096
AID1737,BID1899
AID1738,BID1270
AID1739,BID2854
AID1739,BID866
AID1740,BID2621
AID1740,BID805
AID1741,BID2652
AID1742,BID1435
AID1742,BID800
AID1743,BID1108
AID1743,BID775
AID1744,BID1559
AID1745,BID560
AID1746,BID617
AID1747,BID2581
AID1748,BID1493
AID1748,BID775
AID1749,BID2992
AID1749,BID2996
AID1749,BID363
AID1749,BID601
AID1750,BID131
AID1750,BID1989
AID1750,BID2320
AID1750,BID2379
AID1750,BID394
AID1751,BID1639
AID1752,BID49
AID1753,BID1007
AID1753,BID1477
AID1754,BID22
AID1754,BID474
AID1754,BID886
AID1755,BID1263
AID1755,BID1310
AID1755,BID2295
AID1755,BID290
AID1755,BID725
AID1756,BID2305
AID1757,BID2347
AID1757,BID2497
AID1757,BID36
AID1757,BID568
AID1758,BID1842
AID1758,BID2019
AID1758,BID2229
AID1758,BID2698
AID1758,BID2974
AID1759,BID1250
AID1759,BID2219
AID1760,BID779
AID1760,BID850
AID1761,BID2408
AID1762,BID685
AID1763,BID2453
AID1764,BID1110
AID1764,BID679
AID1765,BID2430
AID1766,BID704
AID1767,BID1880
AID1767,BID522
AID1768,BID1628
AID1768,BID1731
AID1769,BID601
AID1770,BID2646
AID1770,BID2998
AID1771,BID1727
AID1771,BID2292
AID1772,BID2099
AID1773,BID2744
AID1773,BID499
AID1774,BID1160
AID1774,BID1528
AID1775,BID1890
AID1775,BID1997
AID1775,BID2036
AID1775,BID2187
AID1775,BID891
AID1776,BID2367
AID1777,BID1337
AID1777,BID1345
AID1777,BID368
AID1778,BID165
AID1778,BID2941
AID1779,BID1933
AID1780,BID2425
AID1781,BID1446
AID1781,BID1753
AID1781,BID248
AID1781,BID2534
AID1781,BID2998
AID1782,BID1592
AID1783,BID1960
AID1783,BID2130
AID1784,BID1423
AID1785,BID2601
AID1786,BID1229
AID1787,BID356
AID1788,BID2515
AID1788,BID710
AID1789,BID1671
AID1789,BID2708
AID1789,BID437
AID1790,BID584
AID1790,BID835
AID1791,BID341
AID1792,BID392
AID1793,BID1233
AID1793,BID1667
AID1793,BID2084
AID1793,BID2610
AID1793,BID2651
AID1794,BID1140
AID1794,BID804
AID1795,BID1100
AID1795,BID2034
AID1796,BID2278
AID1797,BID1939
AID1797,BID2825
AID1798,BID1323
AID1798,BID2484
AID1799,BID2585
AID1800,BID2188
AID1800,BID2825
AID1801,BID442
AID1802,BID1271
AID1802,BID51
AID1803,BID2371
AID1804,BID1082
AID1805,BID1530
AID1805,BID2169
AID1806,BID2900
AID1806,BID364
AID1807,BID1309
AID1807,BID2407
AID1807,BID807
AID1808,BID1617
AID1809,BID41
AID1809,BID535
AID1810,BID525
AID1811,BID1376
AID1811,BID1609
AID1811,BID2219
AID1812,BID2743
AID1813,BID1020
AID1813,BID574
AID1814,BID261
AID1815,BID182
AID1816,BID2209
AID1816,BID867
AID1816,BID903
AID1817,BID1937
AID1818,BID1358
AID1818,BID418
AID1819,BID144
AID1820,BID1471
AID1821,BID1473
AID1821,BID2055
AID1821,BID2385
AID1821,BID2690
AID1822,BID528
AID1822,BID78
AID1823,BID1318
AID1824,BID1349
AID1824,BID2821
AID1825,BID1901
AID1826,BID228
AID1827,BID408
AID1827,BID621
AID1828,BID101
AID1828,BID1231
AID1828,BID1548
AID1829,BID1242
AID1829,BID1427
AID1829,BID168
AID1829,BID2017
AID1829,BID2360
AID1830,BID1760
AID1830,BID188
AID1831,BID1137
AID1831,BID1379
AID1831,BID698
AID1832,BID1128
AID1832,BID693
AID1832,BID859
AID1833,BID1236
AID1833,BID2176
AID1833,BID2424
AID1833,BID649
AID1833,BID991
AID1834,BID769
AID1834,BID894
AID1835,BID2762
AID1836,BID1660
AID1836,BID595
AID1837,BID1341
AID1837,BID320
AID1837,BID914
AID1838,BID669
AID1839,BID411
AID1839,BID688
AID1840,BID115
AID1840,BID1911
AID1840,BID2131
AID1840,BID750
AID1840,BID779
AID1841,BID886
AID1842,BID1763
AID1842,BID2002
AID1842,BID206
AID1842,BID2794
AID1842,BID3
AID1843,BID2300
AID1844,BID2393
AID1844,BID899
AID1845,BID1094
AID1846,BID1785
AID1846,BID769
AID1847,BID1753
AID1847,BID602
AID1848,BID1893
AID1848,BID2077
AID1848,BID2454
AID1849,BID925
AID1850,BID1854
AID1850,BID2638
AID1851,BID1494
AID1851,BID833
AID1852,BID2187
AID1853,BID1938
AID1853,BID2933
AID1854,BID1434
AID1854,BID2887
AID1855,BID739
AID1856,BID1126
AID1856,BID2305
AID1856,BID2603
AID1856,BID99
AID1857,BID1977
AID1857,BID2261
AID1858,BID1150
AID1858,BID1240
AID1858,BID2337
AID1858,BID2623
AID1859,BID489
AID1860,BID1734
AID1860,BID2188
AID1861,BID1785
AID1861,BID2495
AID1862,BID2282
AID1863,BID366
AID1864,BID2113
AID1865,BID2519
AID1865,BID906
AID1866,BID165
AID1866,BID2467
AID1867,BID2649
AID1868,BID1575
AID1868,BID1863
AID1868,BID2380
AID1868,BID982
AID1869,BID1439
AID1869,BID1501
AID1869,BID1602
AID1869,BID2225
AID1869,BID2305
AID1870,BID1001
AID1871,BID589
AID1872,BID1935
AID1872,BID2191
AID1872,BID2788
AID1872,BID758
AID1873,BID157
AID1873,BID217
AID1873,BID2689
AID1874,BID1057
AID1874,BID772
AID1875,BID929
AID1876,BID1349
AID1876,BID2493
AID1877,BID1182
AID1877,BID1385
AID1877,BID1503
AID1877,BID215
AID1878,BID414
AID1879,BID1154
AID1879,BID1209
AID1879,BID764
AID1880,BID1075
AID1880,BID38
AID1881,BID2657
AID1882,BID360
AID1883,BID2177
AID1883,BID284
AID1883,BID352
AID1884,BID2411
AID1884,BID2722
AID1885,BID1837
AID1885,BID2840
AID1886,BID1779
AID1887,BID540
AID1888,BID1175
AID1889,BID1160
AID1890,BID2706
AID1890,BID520
AID1890,BID566
AID1891,BID1014
AID1891,BID1098
AID1892,BID1870
AID1893,BID2734
AID1893,BID778
AID1894,BID1975
AID1895,BID2152
AID1895,BID2171
AID1895,BID2211
AID1895,BID2426
AID1895,BID2886
AID1896,BID1398
AID1897,BID1172
AID1897,BID854
AID1898,BID1150
AID1898,BID238
AID1898,BID2741
AID1898,BID78
AID1899,BID2392
AID1899,BID2672
AID1900,BID2924
AID1901,BID2489
AID1901,BID503
AID1902,BID1670
AID1903,BID838
AID1904,BID293
AID1904,BID632
AID1905,BID1642
AID1905,BID1852
AID1906,BID390
AID1907,BID679
AID1908,BID2142
AID1909,BID1069
AID1910,BID323
AID1910,BID869
AID1911,BID221
AID1911,BID2240
AID1912,BID943
AID1913,BID865
AID1914,BID1401
AID1914,BID1940
AID1914,BID2135
AID1914,BID282
AID1914,BID592
AID1915,BID1414
AID1915,BID2099
AID1915,BID810
AID1916,BID2727
AID1917,BID2020
AID1917,BID329
AID1918,BID1151
AID1918,BID1573
AID1919,BID1157
AID1920,BID2006
AID1920,BID2634
AID1921,BID2339
AID1922,BID622
AID1922,BID748
AID1923,BID1684
AID1924,BID1352
AID1924,BID1829
AID1924,BID2024
AID1924,BID586
AID1925,BID345
AID1926,BID1334
AID1926,BID2359
AID1927,BID557
AID1928,BID1669
AID1929,BID1420
AID1929,BID1549
AID1929,BID2038
AID1929,BID488
AID1930,BID1261
AID1930,BID186
AID1931,BID1035
AID1931,BID1226
AID1932,BID1895
AID1932,BID2169
AID1933,BID1419
AID1934,BID1662
AID1934,BID1970
AID1935,BID2059
AID1935,BID881
AID1936,BID2889
AID1937,BID1088
AID1937,BID1215
AID1937,BID59
AID1937,BID947
AID1938,BID1078
AID1938,BID668
AID1939,BID167
AID1940,BID1956
AID1940,BID326
AID1940,BID746
AID1941,BID1753
AID1942,BID2850
AID1942,BID414
AID1943,BID2584
AID1944,BID2431
AID1944,BID2886
AID1945,BID1593
AID1945,BID1680
AID1946,BID2139
AID1947,BID261
AID1948,BID1682
AID1949,BID1469
AID1950,BID481
AID1951,BID1086
AID1951,BID516
AID1952,BID1898
AID1953,BID1587
AID1953,BID946
AID1954,BID1087
AID1955,BID1156
AID1955,BID1330
AID1956,BID1836
AID1956,BID1987
AID1956,BID2417
AID1956,BID942
AID1957,BID1049
AID1957,BID1057
AID1958,BID118
AID1958,BID1656
AID1958,BID2887
AID1958,BID86
AID1959,BID2934
AID1960,BID1463
AID1960,BID782
AID1961,BID1842
AID1961,BID606
AID1962,BID2184
AID1963,BID1013
AID1964,BID1127
AID1964,BID2028
AID1964,BID2795
AID1964,BID888
AID1965,BID1331
AID1965,BID1507
AID1965,BID872
AID1966,BID1888
AID1967,BID1836
AID1967,BID2030
AID1967,BID251
AID1967,BID673
AID1968,BID1319
AID1968,BID277
AID1969,BID1336
AID1969,BID509
AID1970,BID1468
AID1970,BID2308
AID1971,BID1268
AID1971,BID1555
AID1972,BID2143
AID1972,BID2258
AID1973,BID1731
AID1974,BID2513
AID1974,BID586
AID1975,BID2068
AID1975,BID778
AID1976,BID1033
AID1976,BID1082
AID1976,BID410
AID1977,BID1128
AID1977,BID84
AID1978,BID79
AID1979,BID1778
AID1979,BID1806
AID1980,BID1582
AID1980,BID2053
AID1980,BID2744
AID1980,BID782
AID1981,BID1951
AID1981,BID2863
AID1982,BID1539
AID1983,BID1346
AID1983,BID63
AID1984,BID243
AID1985,BID1259
AID1985,BID2570
AID1986,BID2651
AID1986,BID473
AID1987,BID392
AID1987,BID453
AID1987,BID534
AID1987,BID565
AID1988,BID1099
AID1989,BID1031
AID1989,BID2982
AID1990,BID1020
AID1991,BID1106
AID1991,BID1419
AID1992,BID339
AID1993,BID1682
AID1993,BID211
AID1993,BID2189
AID1993,BID2944
AID1994,BID2974
AID1995,BID1063
AID1995,BID235
AID1995,BID2758
AID1995,BID338
AID1996,BID1797
AID1996,BID2405
AID1997,BID1884
AID1998,BID2023
AID1999,BID2151
AID1999,BID2548
AID2000,BID2599
AID2000,BID588
AID2001,BID1324
AID2001,BID2303
AID2002,BID1976
AID2002,BID2668
AID2003,BID23
AID2003,BID291
AID2004,BID1041
AID2004,BID1440
AID2004,BID2665
AID2005,BID2188
AID2005,BID2654
AID2006,BID1055
AID2006,BID1924
AID2006,BID2707
AID2007,BID1329
AID2007,BID2662
AID2008,BID1028
AID2009,BID980
AID2010,BID1992
AID2011,BID1186
AID2011,BID2199
AID2012,BID2801
AID2012,BID2966
AID2013,BID1173
AID2013,BID2197
AID2014,BID1760
AID2014,BID2149
AID2015,BID1425
AID2016,BID851
AID2016,BID872
AID2017,BID1257
AID2017,BID23
AID2018,BID1111
AID2018,BID923
AID2019,BID490
AID2020,BID2415
AID2020,BID2703
AID2021,BID192
AID2022,BID1570
AID2023,BID1125
AID2024,BID665
AID2024,BID775
AID2025,BID2747
AID2025,BID875
AID2026,BID2747
AID2026,BID2940
AID2027,BID1972
AID2027,BID314
AID2028,BID2201
AID2029,BID1002
AID2029,BID1368
AID2029,BID2618
AID2030,BID1119
AID2031,BID2059
AID2032,BID1341
AID2032,BID268
AID2032,BID2774
AID2032,BID744
AID2033,BID26
AID2033,BID580
AID2034,BID1180
AID2034,BID1653
AID2034,BID1670
AID2034,BID426
AID2034,BID887
AID2035,BID560
AID2036,BID1192
AID2036,BID153
AID2037,BID1885
AID2038,BID2278
AID2038,BID587
AID2038,BID792
AID2039,BID1573
AID2039,BID193
AID2039,BID2737
AID2039,BID412
AID2039,BID476
AID2040,BID1251
AID2040,BID2512
AID2040,BID643
AID2040,BID733
AID2040,BID932
AID2041,BID2967
AID2042,BID1165
AID2043,BID1793
AID2043,BID964
AID2044,BID1751
AID2044,BID717
AID2045,BID2093
AID2046,BID1185
AID2046,BID978
AID2047,BID1806
AID2047,BID2381
AID2047,BID2653
AID2047,BID2738
AID2047,BID652
AID2048,BID491
AID2049,BID230
AID2050,BID1858
AID2050,BID2003
AID2051,BID2748
AID2051,BID432
AID2052,BID2061
AID2053,BID2897
AID2053,BID393
AID2054,BID2026
AID2054,BID2471
AID2055,BID1534
AID2055,BID1845
AID2055,BID2145
AID2055,BID2960
AID2055,BID864
AID2056,BID1163
AID2056,BID2647
AID2057,BID1199
AID2057,BID2896
AID2057,BID54
AID2057,BID636
AID2058,BID2340
AID2058,BID884
AID2059,BID1815
AID2059,BID2653
AID2060,BID1436
AID2060,BID344
AID2060,BID719
AID2060,BID781
AID2060,BID847
AID2061,BID1126
AID2061,BID1210
AID2061,BID2151
AID2061,BID2834
AID2061,BID992
AID2062,BID2646
AID2063,BID1361
AID2063,BID1934
AID2063,BID2398
AID2063,BID2717
AID2063,BID438
AID2064,BID1568
AID2065,BID1042
AID2065,BID2748
AID2065,BID2791
AID2066,BID1447
AID2066,BID1952
AID2067,BID739
AID2068,BID2207
AID2069,BID121
AID2069,BID2211
AID2070,BID2190
AID2070,BID2354
AID2070,BID2609
AID2071,BID142
AID2071,BID442
AID2072,BID515
AID2073,BID1579
AID2073,BID259
AID2073,BID2718
AID2073,BID611
AID2074,BID2345
AID2074,BID2619
AID2074,BID701
AID2075,BID183
AID2076,BID2522
AID2077,BID1381
AID2077,BID2502
AID2077,BID485
AID2077,BID817
AID2078,BID1230
AID2079,BID146
AID2079,BID2540
AID2080,BID1764
AID2080,BID2591
AID2081,BID172
AID2081,BID592
AID2082,BID1296
AID2082,BID2738
AID2082,BID2929
AID2083,BID1813
AID2083,BID2747
AID2084,BID20
AID2085,BID414
AID2086,BID430
AID2087,BID1695
AID2087,BID1801
AID2087,BID2159
AID2088,BID2880
AID2089,BID838
AID2090,BID1160
AID2091,BID1748
AID2091,BID2515
AID2092,BID2469
AID2092,BID528
AID2092,BID855
AID2093,BID1702
AID2093,BID374
AID2094,BID1314
AID2095,BID2887
AID2095,BID508
AID2096,BID303
AID2097,BID2384
AID2098,BID1038
AID2098,BID1530
AID2098,BID2409
AID2098,BID2673
AID2098,BID553
AID2099,BID1712
AID2100,BID994
AID2101,BID38
AID2101,BID466
AID2102,BID2468
AID2102,BID2649
AID2103,BID1157
AID2104,BID1311
AID2104,BID1501
AID2104,BID1991
AID2105,BID2014
AID2106,BID1137
AID2107,BID1328
AID2107,BID2966
AID2108,BID1554
AID2108,BID2010
AID2108,BID470
AID2108,BID785
AID2109,BID2471
AID2110,BID1873
AID2110,BID67
AID2111,BID113
AID2111,BID2495
AID2111,BID2564
AID2112,BID2105
AID2113,BID1721
AID2114,BID676
AID2115,BID540
AID2116,BID11
AID2116,BID2309
AID2117,BID2976
AID2117,BID740
AID2118,BID1130
AID2119,BID1637
AID2120,BID2932
AID2121,BID1390
AID2121,BID2014
AID2121,BID2408
AID2121,BID2599
AID2122,BID2148
AID2123,BID1735
AID2124,BID2467
AID2124,BID471
AID2125,BID1161
AID2125,BID1576
AID2126,BID2699
AID2127,BID1242
AID2128,BID2528
AID2129,BID198
AID2129,BID528
AID2130,BID2919
AID2131,BID2160
AID2131,BID2165
AID2132,BID1787
AID2132,BID326
AID2133,BID1317
AID2133,BID777
AID2134,BID411
AID2135,BID329
AID2136,BID2564
AID2137,BID1086
AID2137,BID184
AID2137,BID2977
AID2137,BID593
AID2137,BID638
AID2138,BID172
AID2138,BID1849
AID2138,BID1981
AID2138,BID2652
AID2139,BID2057
AID2139,BID2340
AID2139,BID2707
AID2140,BID155
AID2140,BID1708
AID2140,BID1861
AID2140,BID204
AID2140,BID2785
AID2141,BID1845
AID2141,BID2106
AID2142,BID2217
AID2143,BID1871
AID2143,BID1977
AID2144,BID1135
AID2144,BID1374
AID2144,BID1464
AID2144,BID2581
AID2144,BID315
AID2145,BID1116
AID2146,BID1649
AID2147,BID1636
AID2147,BID2356
AID2148,BID1335
AID2148,BID1893
AID2149,BID1285
AID2149,BID188
AID2150,BID2179
AID2150,BID2715
AID2150,BID2907
AID2150,BID382
AID2150,BID915
AID2151,BID2160
AID2152,BID231
AID2152,BID2784
AID2153,BID2998
AID2153,BID521
AID2154,BID1757
AID2154,BID301
AID2155,BID2129
AID2156,BID1010
AID2157,BID1369
AID2157,BID2073
AID2158,BID1930
AID2158,BID201
AID2158,BID304
AID2159,BID1131
AID2160,BID1649
AID2160,BID2589
AID2161,BID1308
AID2162,BID1278
AID2162,BID1283
AID2162,BID1691
AID2162,BID2005
AID2162,BID2695
AID2163,BID439
AID2164,BID1216
AID2164,BID2169
AID2165,BID1093
AID2166,BID1884
AID2166,BID66
AID2167,BID1122
AID2167,BID2516
AID2168,BID2075
AID2168,BID2686
AID2168,BID288
AID2168,BID715
AID2169,BID1644
AID2169,BID2911
AID2170,BID1765
AID2171,BID2151
AID2172,BID590
AID2173,BID576
AID2174,BID1485
AID2174,BID1660
AID2174,BID2074
AID2174,BID2787
AID2174,BID322
AID2175,BID797
AID2176,BID62
AID2176,BID858
AID2177,BID1042
AID2177,BID1682
AID2177,BID605
AID2178,BID2947
AID2178,BID353
AID2179,BID2084
AID2179,BID932
AID2180,BID1061
AID2180,BID1657
AID2181,BID1091
AID2181,BID559
AID2182,BID2922
AID2183,BID1032
AID2183,BID2101
AID2184,BID1743
AID2185,BID978
AID2186,BID1179
AID2186,BID2482
AID2186,BID2521
AID2187,BID1191
AID2187,BID20
AID2188,BID694
AID2189,BID2865
AID2190,BID225
AID2191,BID704
AID2192,BID1763
AID2192,BID2179
AID2193,BID1033
AID2193,BID1648
AID2193,BID1724
AID2193,BID2046
AID2193,BID2965
AID2194,BID46
AID2195,BID2982
AID2196,BID1075
AID2196,BID2892
AID2196,BID2953
AID2196,BID829
AID2196,BID879
AID2197,BID1422
AID2198,BID762
AID2199,BID2820
AID2200,BID1462
AID2200,BID2141
AID2200,BID2291
AID2200,BID279
AID2200,BID762
AID2201,BID479
AID2202,BID145
AID2202,BID1954
AID2202,BID2504
AID2202,BID403
AID2202,BID489
AID2203,BID1991
AID2203,BID2444
AID2204,BID357
AID2205,BID2037
AID2206,BID2509
AID2207,BID101
AID2207,BID1288
AID2208,BID1090
AID2208,BID2097
AID2208,BID2692
AID2209,BID2045
AID2209,BID2440
AID2210,BID1449
AID2210,BID936
AID2211,BID2238
AID2212,BID1667
AID2212,BID211
AID2212,BID2366
AID2212,BID2621
AID2213,BID1128
AID2213,BID2328
AID2214,BID2633
AID2215,BID1347
AID2215,BID1446
AID2215,BID1987
AID2215,BID222
AID2215,BID965
AID2216,BID2768
AID2217,BID1457
AID2217,BID2537
AID2217,BID585
AID2218,BID226
AID2218,BID2913
AID2219,BID2427
AID2219,BID771
AID2220,BID2163
AID2220,BID2353
AID2220,BID752
AID2220,BID972
AID2221,BID1154
AID2221,BID270
AID2222,BID105
AID2222,BID1503
AID2222,BID1507
AID2223,BID1408
AID2223,BID1626
AID2224,BID1761
AID2225,BID443
AID2225,BID723
AID2226,BID2833
AID2227,BID1435
AID2228,BID1029
AID2228,BID1912
AID2229,BID2381
AID2230,BID2469
AID2230,BID430
AID2231,BID1617
AID2232,BID1676
AID2232,BID245
AID2233,BID1886
AID2233,BID2482
AID2234,BID1077
AID2234,BID1278
AID2234,BID786
AID2235,BID1021
AID2235,BID662
AID2236,BID1231
AID2236,BID1377
AID2236,BID2699
AID2236,BID87
AID2237,BID744
AID2238,BID1217
AID2238,BID52
AID2238,BID64
AID2239,BID1091
AID2239,BID1118
AID2239,BID1292
AID2240,BID979
AID2241,BID1090
AID2241,BID207
AID2241,BID2421
AID2241,BID886
AID2241,BID928
AID2242,BID1456
AID2243,BID1147
AID2243,BID1600
AID2243,BID469
AID2244,BID2112
AID2245,BID2078
AID2245,BID2893
AID2246,BID1131
AID2246,BID2211
AID2246,BID2486
AID2246,BID276
AID2247,BID1340
AID2247,BID2843
AID2248,BID1187
AID2248,BID2659
AID2248,BID37
AID2249,BID2575
AID2250,BID2172
AID2250,BID2489
AID2251,BID2624
AID2252,BID17
AID2252,BID277
AID2253,BID585
AID2254,BID772
AID2255,BID1787
AID2255,BID2431
AID2256,BID2262
AID2257,BID2041
AID2257,BID2459
AID2258,BID2429
AID2259,BID1496
AID2259,BID2043
AID2259,BID2093
AID2259,BID2910
AID2260,BID2
AID2261,BID1050
AID2261,BID2201
AID2261,BID2781
AID2261,BID420
AID2262,BID1087
AID2262,BID672
AID2263,BID1636
AID2263,BID2514
AID2264,BID2365
AID2264,BID2640
AID2264,BID288
AID2264,BID514
AID2264,BID67
AID2265,BID1271
AID2266,BID2184
AID2267,BID1863
AID2268,BID1135
AID2268,BID153
AID2269,BID436
AID2270,BID1425
AID2271,BID1343
AID2271,BID1402
AID2271,BID2315
AID2271,BID244
AID2271,BID2572
AID2272,BID1090
AID2272,BID2446
AID2272,BID390
AID2272,BID825
AID2272,BID910
AID2273,BID2208
AID2274,BID1931
AID2274,BID280
AID2275,BID600
AID2276,BID1060
AID2276,BID2072
AID2276,BID2080
AID2276,BID2686
AID2276,BID2977
AID2277,BID2016
AID2277,BID924
AID2278,BID181
AID2278,BID2301
AID2279,BID98
AID2280,BID1342
AID2280,BID575
AID2281,BID805
AID2282,BID1297
AID2282,BID1691
AID2282,BID1764
AID2282,BID2692
AID2282,BID543
AID2283,BID1800
AID2283,BID2994
AID2284,BID2995
AID2284,BID871
AID2285,BID165
AID2285,BID2555
AID2286,BID1395
AID2286,BID1893
AID2286,BID2206
AID2286,BID2362
AID2287,BID1970
AID2288,BID24
AID2288,BID2446
AID2289,BID2851
AID2289,BID343
AID2290,BID2243
AID2290,BID2812
AID2291,BID1157
AID2291,BID2944
AID2292,BID1819
AID2292,BID702
AID2293,BID299
AID2294,BID1613
AID2294,BID365
AID2295,BID1015
AID2295,BID270
AID2296,BID1244
AID2296,BID1550
AID2296,BID2171
AID2296,BID2322
AID2297,BID2648
AID2297,BID2745
AID2298,BID12
AID2298,BID1463
AID2298,BID1662
AID2298,BID404
AID2298,BID856
AID2299,BID1617
AID2299,BID2561
AID2299,BID402
AID2299,BID656
AID2300,BID809
AID2301,BID1032
AID2301,BID1519
AID2302,BID1724
AID2302,BID587
AID2303,BID1361
AID2303,BID1746
AID2304,BID1657
AID2304,BID2724
AID2305,BID1424
AID2306,BID118
AID2306,BID2431
AID2307,BID1580
AID2307,BID445
AID2307,BID748
AID2308,BID2276
AID2309,BID2540
AID2309,BID308
AID2310,BID2813
AID2311,BID1842
AID2311,BID828
AID2312,BID1098
AID2312,BID2635
AID2313,BID2001
AID2313,BID2933
AID2313,BID537
AID2313,BID594
AID2314,BID2902
AID2314,BID957
AID2315,BID893
AID2316,BID1396
AID2316,BID36
AID2317,BID1537
AID2318,BID455
AID2319,BID1652
AID2320,BID634
AID2321,BID1248
AID2321,BID1439
AID2322,BID1788
AID2322,BID2609
AID2322,BID2951
AID2322,BID833
AID2323,BID2144
AID2323,BID2207
AID2324,BID502
AID2325,BID2222
AID2326,BID2530
AID2327,BID1010
AID2328,BID1336
AID2328,BID1815
AID2329,BID2440
AID2329,BID505
AID2330,BID922
AID2331,BID221
AID2332,BID2978
AID2333,BID1563
AID2333,BID648
AID2334,BID2700
AID2334,BID279
AID2335,BID1791
AID2336,BID2947
AID2337,BID1595
AID2338,BID1816
AID2339,BID1100
AID2339,BID1260
AID2339,BID1630
AID2339,BID809
AID2340,BID1453
AID2340,BID2488
AID2341,BID1614
AID2341,BID2039
AID2342,BID1498
AID2342,BID2489
AID2342,BID494
AID2342,BID814
AID2343,BID1547
AID2343,BID2009
AID2343,BID2679
AID2343,BID2939
AID2343,BID745
AID2344,BID1354
AID2345,BID2764
AID2346,BID1124
AID2346,BID2810
AID2347,BID1140
AID2347,BID505
AID2348,BID1725
AID2348,BID2306
AID2349,BID10
AID2349,BID1010
AID2349,BID1338
AID2349,BID1343
AID2349,BID1718
AID2350,BID2883
AID2351,BID2921
AID2351,BID296
AID2352,BID1278
AID2353,BID2341
AID2353,BID891
AID2354,BID1308
AID2354,BID2033
AID2354,BID2054
AID2355,BID2157
AID2356,BID1935
AID2356,BID2194
AID2357,BID2593
AID2357,BID2714
AID2358,BID763
AID2359,BID1498
AID2359,BID1920
AID2359,BID2476
AID2359,BID2576
AID2359,BID968
AID2360,BID379
AID2361,BID1457
AID2361,BID1849
AID2361,BID1919
AID2362,BID1531
AID2362,BID1660
AID2362,BID1689
AID2362,BID2624
AID2363,BID978
AID2364,BID2922
AID2364,BID757
AID2365,BID700
AID2366,BID2711
AID2367,BID627
AID2368,BID1075
AID2368,BID1688
AID2369,BID2784
AID2369,BID560
AID2370,BID1909
AID2371,BID1011
AID2371,BID1213
AID2371,BID1333
AID2371,BID559
AID2371,BID645
AID2372,BID1205
AID2372,BID1931
AID2372,BID2519
AID2372,BID2540
AID2372,BID580
AID2373,BID1240
AID2374,BID1279
AID2374,BID1480
AID2375,BID1128
AID2376,BID2812
AID2377,BID1051
AID2378,BID107
AID2378,BID463
AID2379,BID1551
AID2379,BID1701
AID2380,BID2062
AID2381,BID937
AID2382,BID1332
AID2382,BID1405
AID2383,BID1822
AID2383,BID393
AID2384,BID1678
AID2384,BID1922
AID2384,BID785
AID2385,BID1998
AID2385,BID868
AID2386,BID2136
AID2386,BID2874
AID2387,BID1322
AID2387,BID1403
AID2387,BID2078
AID2387,BID2175
AID2387,BID495
AID2388,BID993
AID2389,BID1246
AID2389,BID755
AID2390,BID124
AID2390,BID95
AID2391,BID1856
AID2391,BID2078
AID2391,BID2095
AID2391,BID2934
AID2392,BID167
AID2393,BID1270
AID2393,BID1607
AID2393,BID167
AID2393,BID2161
AID2393,BID2603
AID2394,BID2035
AID2395,BID971
AID2396,BID1745
AID2396,BID2469
AID2397,BID1530
AID2398,BID1234
AID2398,BID1984
AID2399,BID247
AID2399,BID634
AID2400,BID1496
AID2400,BID974
AID2401,BID1357
AID2401,BID274
AID2402,BID1566
AID2403,BID1207
AID2404,BID1675
AID2404,BID1985
AID2404,BID2035
AID2404,BID2223
AID2404,BID25
AID2405,BID2478
AID2405,BID2838
AID2406,BID656
AID2407,BID2313
AID2408,BID1019
AID2408,BID1067
AID2408,BID1100
AID2408,BID1657
AID2408,BID2696
AID2409,BID2150
AID2410,BID1492
AID2411,BID1119
AID2411,BID1888
AID2412,BID1961
AID2412,BID202
AID2413,BID627
AID2414,BID2064
AID2415,BID1210
AID2415,BID1515
AID2415,BID717
AID2416,BID1547
AID2416,BID1603
AID2416,BID1924
AID2416,BID2382
AID2417,BID1088
AID2417,BID2492
AID2418,BID220
AID2418,BID2773
AID2419,BID713
AID2420,BID711
AID2421,BID1894
AID2422,BID1992
AID2423,BID1296
AID2423,BID1502
AID2423,BID2408
AID2423,BID28
AID2423,BID590
AID2424,BID1304
AID2424,BID246
AID2425,BID1627
AID2425,BID2123
AID2425,BID2472
AID2425,BID402
AID2425,BID760
AID2426,BID1908
AID2427,BID1138
AID2428,BID1447
AID2429,BID1701
AID2429,BID2191
AID2430,BID1262
AID2431,BID442
AID2431,BID562
AID2432,BID1072
AID2432,BID392
AID2432,BID512
AID2433,BID1706
AID2434,BID1110
AID2434,BID1162
AID2434,BID1727
AID2434,BID700
AID2435,BID1941
AID2435,BID1965
AID2435,BID47
AID2436,BID1629
AID2436,BID394
AID2437,BID1234
AID2438,BID2013
AID2439,BID1109
AID2439,BID2374
AID2439,BID2788
AID2439,BID2849
AID2439,BID556
AID2440,BID173
AID2441,BID2100
AID2441,BID2885
AID2442,BID1639
AID2442,BID2028
AID2443,BID2359
AID2444,BID1547
AID2444,BID1638
AID2445,BID1973
AID2445,BID2579
AID2446,BID2151
AID2447,BID1008
AID2448,BID2056
AID2449,BID1048
AID2449,BID1154
AID2449,BID2432
AID2449,BID2827
AID2449,BID2903
AID2450,BID2396
AID2450,BID504
AID2450,BID567
AID2451,BID60
AID2452,BID1783
AID2453,BID1304
AID2453,BID1413
AID2453,BID419
AID2454,BID1580
AID2455,BID1666
AID2455,BID2118
AID2456,BID470
AID2457,BID2376
AID2458,BID1346
AID2459,BID1495
AID2460,BID1215
AID2460,BID1793
AID2461,BID1300
AID2461,BID1406
AID2461,BID1450
AID2462,BID157
AID2462,BID326
AID2463,BID15
AID2464,BID2401
AID2464,BID805
AID2465,BID1248
AID2465,BID544
AID2466,BID1910
AID2466,BID640
AID2467,BID1541
AID2467,BID1952
AID2467,BID220
AID2467,BID690
AID2468,BID1166
AID2468,BID1663
AID2469,BID136
AID2470,BID128
AID2470,BID250
AID2471,BID1913
AID2472,BID2164
AID2472,BID2256
AID2473,BID338
AID2474,BID2721
AID2474,BID485
AID2475,BID1627
AID2476,BID142
AID2477,BID1428
AID2478,BID1786
AID2478,BID2030
AID2479,BID467
AID2480,BID2538
AID2480,BID578
AID2481,BID1119
AID2482,BID1724
AID2482,BID2886
AID2483,BID2046
AID2483,BID2338
AID2483,BID2384
AID2483,BID338
AID2484,BID133
AID2484,BID1606
AID2485,BID23
AID2485,BID992
AID2486,BID2087
AID2487,BID434
AID2488,BID1244
AID2489,BID1242
AID2489,BID2148
AID2490,BID1041
AID2490,BID1619
AID2490,BID2714
AID2490,BID311
AID2490,BID657
AID2491,BID2281
AID2491,BID679
AID2492,BID27
AID2493,BID1014
AID2493,BID1427
AID2493,BID1928
AID2493,BID2421
AID2493,BID561
AID2494,BID2856
AID2495,BID2132
AID2496,BID2701
AID2497,BID1749
AID2497,BID1859
AID2498,BID1509
AID2498,BID2727
AID2498,BID2958
AID2498,BID467
AID2498,BID541
AID2499,BID1069
AID2499,BID2463
AID2500,BID1722
AID2501,BID2315
AID2502,BID1048
AID2502,BID1273
AID2502,BID1953
AID2502,BID2524
AID2502,BID2880
AID2503,BID1423
AID2503,BID1735
AID2503,BID194
AID2503,BID2351
AID2503,BID651
AID2504,BID216
AID2505,BID1216
AID2505,BID1884
AID2505,BID215
AID2505,BID2248
AID2505,BID2632
AID2506,BID1874
AID2507,BID1971
AID2508,BID1896
AID2508,BID2438
AID2509,BID126
AID2509,BID2915
AID2509,BID863
AID2510,BID1767
AID2510,BID721
AID2511,BID1445
AID2512,BID1360
AID2512,BID1651
AID2512,BID2795
AID2512,BID2829
AID2513,BID111
AID2513,BID1637
AID2513,BID1710
AID2513,BID1718
AID2513,BID2388
AID2514,BID1738
AID2514,BID2023
AID2514,BID2393
AID2514,BID691
AID2515,BID1096
AID2516,BID1802
AID2516,BID2059
AID2517,BID1176
AID2518,BID1512
AID2518,BID1597
AID2518,BID2339
AID2518,BID301
AID2518,BID682
AID2519,BID1018
AID2519,BID1516
AID2519,BID2701
AID2519,BID458
AID2519,BID995
AID2520,BID123
AID2520,BID1867
AID2520,BID2336
AID2520,BID2488
AID2521,BID2944
AID2521,BID390
AID2521,BID911
AID2522,BID2662
AID2523,BID2137
AID2523,BID543
AID2524,BID2104
AID2525,BID2175
AID2525,BID735
AID2526,BID2168
AID2526,BID2558
AID2527,BID1149
AID2527,BID2823
AID2528,BID133
AID2528,BID899
AID2529,BID1653
AID2529,BID2250
AID2529,BID2966
AID2530,BID1975
AID2530,BID2203
AID2530,BID2650
AID2531,BID1509
AID2531,BID2269
AID2531,BID2666
AID2531,BID934
AID2532,BID2168
AID2532,BID981
AID2533,BID2271
AID2534,BID1139
AID2534,BID1495
AID2535,BID1685
AID2535,BID704
AID2536,BID1746
AID2536,BID1887
AID2536,BID2336
AID2536,BID968
AID2537,BID1135
AID2538,BID178
AID2539,BID1927
AID2540,BID1657
AID2540,BID2555
AID2541,BID2403
AID2542,BID763
AID2543,BID749
AID2543,BID945
AID2544,BID2867
AID2544,BID696
AID2545,BID1801
AID2546,BID2327
AID2547,BID1062
AID2547,BID1514
AID2547,BID1582
AID2547,BID2753
AID2547,BID3000
AID2548,BID273
AID2549,BID715
AID2550,BID1517
AID2550,BID2502
AID2551,BID1864
AID2551,BID2438
AID2552,BID1461
AID2552,BID2511
AID2553,BID1282
AID2553,BID2740
AID2554,BID1648
AID2555,BID2431
AID2556,BID2049
AID2556,BID818
AID2557,BID223
AID2557,BID2374
AID2558,BID198
AID2558,BID1990
AID2558,BID2501
AID2559,BID1147
AID2559,BID658
AID2560,BID2413
AID2560,BID2635
AID2561,BID1826
AID2561,BID2375
AID2562,BID1243
AID2562,BID1375
AID2563,BID1247
AID2564,BID1338
AID2565,BID96
AID2565,BID990
AID2566,BID1433
AID2566,BID1945
AID2567,BID1956
AID2567,BID1963
AID2568,BID2949
AID2568,BID2966
AID2569,BID253
AID2570,BID1714
AID2570,BID2651
AID2571,BID1778
AID2571,BID2425
AID2572,BID1266
AID2572,BID2866
AID2573,BID2015
AID2573,BID2028
AID2574,BID2086
AID2574,BID890
AID2575,BID1143
AID2575,BID1352
AID2575,BID2075
AID2575,BID2442
AID2576,BID832
AID2576,BID866
AID2577,BID29
AID2578,BID2876
AID2579,BID1348
AID2579,BID2034
AID2579,BID2240
AID2579,BID2654
AID2579,BID2963
AID2580,BID1045
AID2580,BID1186
AID2580,BID1221
AID2580,BID2472
AID2581,BID1363
AID2582,BID871
AID2583,BID1842
AID2583,BID2907
AID2584,BID468
AID2585,BID1055
AID2585,BID1166
AID2585,BID1890
AID2585,BID2750
AID2586,BID110
AID2586,BID699
AID2587,BID1334
AID2587,BID1974
AID2587,BID2789
AID2588,BID2025
AID2589,BID1579
AID2589,BID1818
AID2590,BID569
AID2591,BID2883
AID2592,BID2127
AID2593,BID1299
AID2593,BID1583
AID2594,BID1491
AID2594,BID489
AID2595,BID1947
AID2596,BID596
AID2597,BID1966
AID2597,BID740
AID2598,BID2676
AID2599,BID2115
AID2600,BID1282
AID2600,BID1906
AID2601,BID2597
AID2601,BID2927
AID2602,BID2074
AID2603,BID2166
AID2604,BID113
AID2604,BID2326
AID2604,BID66
AID2605,BID1009
AID2605,BID1237
AID2605,BID2261
AID2605,BID2691
AID2605,BID3
AID2606,BID693
AID2607,BID1356
AID2607,BID811
AID2608,BID1157
AID2608,BID2015
AID2609,BID1387
AID2609,BID580
AID2610,BID1919
AID2611,BID2990
AID2611,BID529
AID2612,BID1627
AID2612,BID2495
AID2613,BID1330
AID2614,BID237
AID2614,BID899
AID2615,BID1658
AID2616,BID2172
AID2617,BID1961
AID2617,BID2067
AID2617,BID2182
AID2617,BID2463
AID2617,BID2469
AID2618,BID1754
AID2619,BID1607
AID2619,BID1794
AID2620,BID2524
AID2620,BID2792
AID2621,BID757
AID2622,BID115
AID2623,BID1996
AID2624,BID2877
AID2625,BID2500
AID2625,BID320
AID2625,BID435
AID2625,BID560
AID2626,BID1058
AID2626,BID1913
AID2627,BID1950
AID2628,BID1042
AID2628,BID861
AID2629,BID1085
AID2630,BID1080
AID2630,BID1331
AID2630,BID2058
AID2630,BID2596
AID2630,BID630
AID2631,BID2303
AID2632,BID239
AID2632,BID640
AID2633,BID2118
AID2633,BID391
AID2634,BID1448
AID2634,BID1793
AID2635,BID1769
AID2635,BID2517
AID2635,BID2690
AID2635,BID669
AID2635,BID978
AID2636,BID1416
AID2636,BID441
AID2637,BID1367
AID2637,BID1940
AID2638,BID2107
AID2638,BID2147
AID2639,BID1689
AID2640,BID1303
AID2640,BID2327
AID2641,BID1662
AID2641,BID2919
AID2642,BID2340
AID2642,BID944
AID2643,BID1473
AID2643,BID1807
AID2644,BID1589
AID2644,BID460
AID2645,BID2954
AID2646,BID1352
AID2646,BID1382
AID2646,BID1966
AID2646,BID2749
AID2646,BID726
AID2647,BID569
AID2648,BID201
AID2648,BID2051
AID2648,BID293
AID2649,BID1095
AID2649,BID2891
AID2650,BID2852
AID2651,BID1810
AID2651,BID2793
AID2652,BID2165
AID2653,BID1916
AID2654,BID2004
AID2654,BID483
AID2655,BID2078
AID2655,BID2502
AID2656,BID1267
AID2657,BID1211
AID2658,BID1608
AID2658,BID2078
AID2659,BID1188
AID2659,BID1288
AID2659,BID2999
AID2659,BID385
AID2660,BID2041
AID2660,BID2557
AID2660,BID4
AID2661,BID1733
AID2661,BID2862
AID2662,BID2925
AID2663,BID1562
AID2663,BID2191
AID2664,BID459
AID2665,BID142
AID2665,BID2636
AID2665,BID38
AID2666,BID1498
AID2667,BID2832
AID2668,BID1676
AID2668,BID2848
AID2669,BID2482
AID2670,BID1507
AID2670,BID192
AID2671,BID2080
AID2671,BID23
AID2672,BID1395
AID2672,BID2974
AID2673,BID2425
AID2673,BID40
AID2674,BID2226
AID2674,BID2641
AID2675,BID2299
AID2675,BID763
AID2676,BID2520
AID2676,BID2622
AID2677,BID1531
AID2678,BID2541
AID2678,BID68
AID2679,BID1593
AID2679,BID2537
AID2680,BID408
AID2681,BID144
AID2682,BID1484
AID2682,BID2911
AID2682,BID934
AID2683,BID1136
AID2684,BID2391
AID2685,BID4
AID2685,BID648
AID2686,BID593
AID2687,BID1861
AID2687,BID2925
AID2688,BID2026
AID2688,BID2689
AID2689,BID1474
AID2689,BID1639
AID2689,BID1982
AID2689,BID2983
AID2689,BID49
AID2690,BID58
AID2690,BID883
AID2691,BID638
AID2691,BID804
AID2692,BID2853
AID2693,BID477
AID2693,BID59
AID2693,BID932
AID2693,BID945
AID2694,BID368
AID2695,BID2068
AID2695,BID661
AID2696,BID1333
AID2696,BID2074
AID2697,BID101
AID2697,BID2655
AID2698,BID1158
AID2699,BID2454
AID2699,BID984
AID2700,BID1078
AID2700,BID826
AID2701,BID571
AID2702,BID2102
AID2702,BID2290
AID2703,BID1530
AID2703,BID1652
AID2704,BID2075
AID2704,BID44
AID2705,BID1289
AID2705,BID1442
AID2706,BID1123
AID2706,BID351
AID2707,BID752
AID2708,BID1083
AID2708,BID1604
AID2709,BID2841
AID2709,BID2904
AID2710,BID1063
AID2710,BID1639
AID2710,BID1710
AID2710,BID2699
AID2711,BID2354
AID2711,BID2970
AID2712,BID101
AID2712,BID1037
AID2712,BID1289
AID2712,BID1390
AID2713,BID1297
AID2714,BID2984
AID2715,BID190
AID2716,BID1168
AID2716,BID1565
AID2716,BID2600
AID2716,BID89
AID2717,BID1432
AID2717,BID2893
AID2718,BID1007
AID2718,BID1082
AID2718,BID1265
AID2718,BID1487
AID2718,BID2244
AID2719,BID1599
AID2719,BID764
AID2720,BID1733
AID2720,BID300
AID2721,BID1891
AID2721,BID934
AID2722,BID526
AID2722,BID576
AID2723,BID1418
AID2723,BID798
AID2724,BID874
AID2725,BID2903
AID2726,BID1049
AID2726,BID312
AID2727,BID1406
AID2727,BID2535
AID2727,BID2550
AID2728,BID1116
AID2729,BID51
AID2730,BID1611
AID2730,BID1699
AID2731,BID2657
AID2731,BID404
AID2732,BID1537
AID2732,BID1553
AID2732,BID2973
AID2732,BID661
AID2733,BID856
AID2733,BID872
AID2734,BID2766
AID2734,BID416
AID2735,BID1759
AID2736,BID1369
AID2736,BID2905
AID2737,BID23
AID2737,BID2874
AID2738,BID1037
AID2738,BID2123
AID2739,BID1835
AID2739,BID1996
AID2739,BID2297
AID2739,BID2633
AID2739,BID2743
AID2740,BID2123
AID2741,BID2105
AID2742,BID2325
AID2742,BID2714
AID2742,BID2979
AID2743,BID1167
AID2744,BID1024
AID2745,BID2011
AID2745,BID2321
AID2745,BID447
AID2746,BID1448
AID2747,BID1067
AID2747,BID1294
AID2748,BID2011
AID2748,BID2937
AID2749,BID649
AID2749,BID853
AID2750,BID2826
AID2751,BID1973
AID2752,BID1394
AID2752,BID2049
AID2752,BID262
AID2753,BID2816
AID2753,BID712
AID2754,BID1170
AID2755,BID1807
AID2755,BID1994
AID2756,BID2733
AID2756,BID2921
AID2757,BID2901
AID2758,BID130
AID2758,BID2407
AID2759,BID2374
AID2760,BID2085
AID2760,BID2995
AID2760,BID556
AID2761,BID2012
AID2762,BID1072
AID2762,BID257
AID2763,BID2152
AID2764,BID322
AID2765,BID1171
AID2765,BID2132
AID2766,BID2549
AID2767,BID2322
AID2768,BID40
AID2768,BID954
AID2769,BID2352
AID2769,BID2890
AID2770,BID2625
AID2770,BID2941
AID2771,BID2511
AID2771,BID419
AID2772,BID1102
AID2772,BID2726
AID2773,BID1518
AID2773,BID2203
AID2774,BID267
AID2775,BID2306
AID2776,BID2283
AID2776,BID2816
AID2777,BID1843
AID2778,BID2761
AID2778,BID903
AID2779,BID1256
AID2779,BID2684
AID2779,BID2717
AID2779,BID409
AID2779,BID662
AID2780,BID2183
AID2781,BID133
AID2781,BID2311
AID2782,BID1443
AID2783,BID1052
AID2783,BID1482
AID2783,BID490
AID2784,BID1139
AID2784,BID1528
AID2785,BID2018
AID2785,BID2361
AID2786,BID1830
AID2787,BID1612
AID2787,BID2505
AID2788,BID1264
AID2789,BID1666
AID2789,BID2588
AID2790,BID1328
AID2790,BID1813
AID2790,BID2658
AID2790,BID2845
AID2790,BID824
AID2791,BID1659
AID2791,BID2029
AID2791,BID248
AID2792,BID1377
AID2793,BID2047
AID2793,BID44
AID2794,BID247
AID2794,BID3
AID2795,BID2697
AID2795,BID77
AID2796,BID2767
AID2796,BID495
AID2796,BID520
AID2796,BID640
AID2797,BID2070
AID2797,BID565
AID2798,BID1212
AID2798,BID2352
AID2799,BID1187
AID2800,BID894
AID2801,BID2443
AID2801,BID421
AID2802,BID1133
AID2803,BID2767
AID2804,BID991
AID2805,BID603
AID2806,BID1217
AID2806,BID1427
AID2807,BID2381
AID2808,BID751
AID2809,BID2414
AID2810,BID2377
AID2810,BID2747
AID2811,BID2408
AID2811,BID2897
AID2812,BID1583
AID2813,BID1927
AID2813,BID2336
AID2813,BID892
AID2814,BID1718
AID2814,BID2427
AID2814,BID2801
AID2814,BID2913
AID2815,BID749
AID2816,BID1119
AID2816,BID1720
AID2817,BID557
AID2818,BID1416
AID2818,BID1583
AID2819,BID1264
AID2819,BID169
AID2819,BID2703
AID2820,BID2825
AID2820,BID485
AID2821,BID1942
AID2821,BID205
AID2821,BID2185
AID2821,BID2417
AID2821,BID817
AID2822,BID1598
AID2822,BID2053
AID2822,BID2755
AID2822,BID2877
AID2823,BID1368
AID2823,BID2745
AID2823,BID312
AID2823,BID550
AID2823,BID584
AID2824,BID18
AID2825,BID907
AID2826,BID1868
AID2826,BID2185
AID2827,BID2844
AID2828,BID1506
AID2828,BID1888
AID2828,BID2583
AID2828,BID2773
AID2829,BID2608
AID2830,BID1007
AID2830,BID2696
AID2830,BID819
AID2830,BID954
AID2831,BID2366
AID2831,BID2548
AID2832,BID556
AID2832,BID61
AID2832,BID799
AID2833,BID1483
AID2833,BID2589
AID2833,BID466
AID2834,BID465
AID2835,BID1466
AID2836,BID390
AID2837,BID1338
AID2837,BID306
AID2838,BID1755
AID2838,BID1787
AID2839,BID13
AID2840,BID2590
AID2841,BID231
AID2841,BID2709
AID2842,BID19
AID2842,BID845
AID2843,BID1047
AID2843,BID1286
AID2843,BID1717
AID2843,BID1788
AID2844,BID2521
AID2845,BID1533
AID2846,BID2863
AID2846,BID2888
AID2846,BID498
AID2846,BID662
AID2847,BID1323
AID2847,BID873
AID2848,BID1846
AID2849,BID494
AID2850,BID1150
AID2850,BID1178
AID2850,BID2277
AID2851,BID1205
AID2851,BID2913
AID2852,BID2084
AID2852,BID2118
AID2853,BID2624
AID2854,BID2416
AID2855,BID633
AID2856,BID2954
AID2857,BID2373
AID2857,BID2946
AID2858,BID1156
AID2858,BID1247
AID2858,BID1561
AID2858,BID2046
AID2858,BID2075
AID2859,BID1897
AID2859,BID352
AID2860,BID1204
AID2860,BID2279
AID2861,BID1777
AID2861,BID409
AID2862,BID1980
AID2863,BID2301
AID2864,BID1151
AID2864,BID237
AID2865,BID1058
AID2865,BID1453
AID2865,BID331
AID2865,BID583
AID2866,BID63
AID2866,BID661
AID2867,BID387
AID2868,BID1814
AID2868,BID2273
AID2869,BID1504
AID2869,BID2464
AID2869,BID2638
AID2869,BID760
AID2869,BID99
AID2870,BID362
AID2870,BID879
AID2871,BID1905
AID2871,BID743
AID2872,BID377
AID2872,BID855
AID2873,BID2206
AID2874,BID236
AID2874,BID2843
AID2875,BID1425
AID2875,BID2035
AID2875,BID636
AID2875,BID78
AID2875,BID845
AID2876,BID2251
AID2876,BID761
AID2877,BID1073
AID2877,BID124
AID2877,BID175
AID2877,BID197
AID2877,BID700
AID2878,BID2825
AID2879,BID1279
AID2879,BID2778
AID2880,BID1199
AID2881,BID2834
AID2882,BID1136
AID2882,BID1523
AID2882,BID1588
AID2882,BID1784
AID2882,BID745
AID2883,BID1862
AID2883,BID2210
AID2883,BID2411
AID2883,BID383
AID2884,BID1222
AID2884,BID132
AID2884,BID1555
AID2884,BID649
AID2885,BID1452
AID2885,BID1637
AID2885,BID1824
AID2885,BID323
AID2885,BID564
AID2886,BID1905
AID2886,BID2331
AID2887,BID11
AID2888,BID1003
AID2888,BID2148
AID2888,BID2623
AID2888,BID2710
AID2888,BID473
AID2889,BID1322
AID2889,BID1409
AID2889,BID2397
AID2889,BID2719
AID2889,BID607
AID2890,BID2136
AID2891,BID630
AID2892,BID124
AID2892,BID2796
AID2893,BID577
AID2894,BID2082
AID2894,BID2868
AID2895,BID1467
AID2896,BID1991
AID2897,BID2067
AID2897,BID2470
AID2897,BID806
AID2898,BID1408
AID2898,BID604
AID2899,BID2192
AID2899,BID2742
AID2900,BID1344
AID2900,BID2621
AID2901,BID2847
AID2901,BID327
AID2902,BID1090
AID2903,BID1217
AID2903,BID1448
AID2903,BID2567
AID2903,BID269
AID2903,BID2994
AID2904,BID2718
AID2905,BID1047
AID2905,BID191
AID2906,BID1568
AID2906,BID2247
AID2907,BID2050
AID2908,BID2713
AID2909,BID2871
AID2910,BID1801
AID2910,BID451
AID2911,BID163
AID2911,BID1954
AID2911,BID631
AID2911,BID699
AID2912,BID1277
AID2913,BID1850
AID2914,BID2830
AID2915,BID2848
AID2916,BID2724
AID2917,BID2275
AID2917,BID2768
AID2918,BID2238
AID2918,BID904
AID2919,BID1780
AID2919,BID2748
AID2920,BID1783
AID2921,BID1276
AID2921,BID1513
AID2921,BID1771
AID2921,BID2657
AID2922,BID1133
AID2923,BID106
AID2923,BID1810
AID2924,BID2251
AID2925,BID724
AID2926,BID1213
AID2927,BID2330
AID2927,BID2662
AID2928,BID2119
AID2929,BID1576
AID2929,BID468
AID2930,BID1860
AID2930,BID225
AID2930,BID572
AID2931,BID1136
AID2931,BID97
AID2932,BID1485
AID2933,BID2011
AID2934,BID1675
AID2935,BID2951
AID2936,BID2528
AID2936,BID735
AID2937,BID2498
AID2937,BID741
AID2938,BID2151
AID2939,BID1655
AID2939,BID624
AID2940,BID1904
AID2941,BID2559
AID2942,BID918
AID2943,BID176
AID2943,BID926
AID2944,BID343
AID2945,BID2040
AID2945,BID2839
AID2946,BID2304
AID2947,BID182
AID2947,BID878
AID2947,BID963
AID2948,BID1112
AID2949,BID2701
AID2950,BID1969
AID2951,BID2256
AID2952,BID1936
AID2952,BID2088
AID2952,BID2787
AID2953,BID2414
AID2953,BID2980
AID2954,BID2070
AID2955,BID168
AID2956,BID1973
AID2956,BID2407
AID2957,BID2472
AID2958,BID2470
AID2958,BID2957
AID2959,BID1319
AID2960,BID1226
AID2960,BID2390
AID2960,BID25
AID2960,BID2642
AID2960,BID2676
AID2961,BID1519
AID2961,BID1597
AID2961,BID2642
AID2962,BID924
AID2963,BID2793
AID2964,BID1854
AID2964,BID2209
AID2964,BID2529
AID2964,BID881
AID2965,BID1176
AID2965,BID128
AID2965,BID1363
AID2965,BID232
AID2965,BID2895
AID2966,BID798
AID2967,BID1357
AID2967,BID2216
AID2968,BID1670
AID2968,BID909
AID2969,BID1409
AID2969,BID1749
AID2969,BID1983
AID2969,BID2598
AID2970,BID101
AID2971,BID1919
AID2971,BID2629
AID2972,BID2212
AID2972,BID2759
AID2973,BID1247
AID2973,BID1623
AID2973,BID1850
AID2973,BID189
AID2973,BID2747
AID2974,BID2216
AID2975,BID2957
AID2976,BID1402
AID2976,BID2329
AID2977,BID2513
AID2977,BID378
AID2978,BID152
AID2978,BID414
AID2979,BID1793
AID2979,BID2102
AID2979,BID473
AID2980,BID2475
AID2981,BID1134
AID2981,BID1436
AID2981,BID1732
AID2982,BID991
AID2983,BID1316
AID2983,BID150
AID2983,BID2029
AID2983,BID2722
AID2983,BID823
AID2984,BID2018
AID2985,BID1183
AID2985,BID1343
AID2985,BID1703
AID2985,BID2455
AID2985,BID2732
AID2986,BID116
AID2986,BID1875
AID2987,BID1291
AID2987,BID637
AID2988,BID1506
AID2988,BID578
AID2988,BID937
AID2989,BID2416
AID2989,BID2541
AID2990,BID2714
AID2991,BID1296
AID2991,BID887
AID2992,BID186
AID2993,BID235
AID2993,BID2621
AID2993,BID694
AID2994,BID2472
AID2995,BID2482
AID2995,BID457
AID2996,BID1274
AID2996,BID24
AID2997,BID1191
AID2998,BID1537
AID2998,BID1924
AID2999,BID1030
AID2999,BID955
AID3000,BID2670
AID3000,BID2696
